ISO3;Country;Year;Anemie
AGO;Angola;2018;62,30
AGO;Angola;2017;62,10
AGO;Angola;2016;61,90
AGO;Angola;2015;61,40
AGO;Angola;2014;61,10
AGO;Angola;2013;60,70
AGO;Angola;2012;60,50
AGO;Angola;2011;60,60
AGO;Angola;2010;61,00
AGO;Angola;2009;61,70
AGO;Angola;2008;62,60
AGO;Angola;2007;63,70
AGO;Angola;2006;64,90
AGO;Angola;2005;66,20
AGO;Angola;2004;67,50
AGO;Angola;2003;68,90
AGO;Angola;2002;70,30
AGO;Angola;2001;71,50
AGO;Angola;2000;72,80
BDI;Burundi;2018;56,90
BDI;Burundi;2017;55,90
BDI;Burundi;2016;54,70
BDI;Burundi;2015;53,70
BDI;Burundi;2014;52,90
BDI;Burundi;2013;52,30
BDI;Burundi;2012;52,00
BDI;Burundi;2011;52,00
BDI;Burundi;2010;52,40
BDI;Burundi;2009;53,10
BDI;Burundi;2008;54,20
BDI;Burundi;2007;55,50
BDI;Burundi;2006;57,00
BDI;Burundi;2005;58,60
BDI;Burundi;2004;60,30
BDI;Burundi;2003;62,00
BDI;Burundi;2002;63,80
BDI;Burundi;2001;65,80
BDI;Burundi;2000;67,70
BEN;Benin;2018;71,40
BEN;Benin;2017;71,70
BEN;Benin;2016;71,90
BEN;Benin;2015;72,00
BEN;Benin;2014;72,10
BEN;Benin;2013;72,20
BEN;Benin;2012;72,30
BEN;Benin;2011;72,70
BEN;Benin;2010;73,20
BEN;Benin;2009;73,90
BEN;Benin;2008;74,70
BEN;Benin;2007;75,60
BEN;Benin;2006;76,40
BEN;Benin;2005;77,30
BEN;Benin;2004;78,00
BEN;Benin;2003;78,80
BEN;Benin;2002;79,40
BEN;Benin;2001;79,90
BEN;Benin;2000;80,30
BFA;Burkina Faso;2018;78,40
BFA;Burkina Faso;2017;80,10
BFA;Burkina Faso;2016;81,60
BFA;Burkina Faso;2015;82,90
BFA;Burkina Faso;2014;84,00
BFA;Burkina Faso;2013;84,90
BFA;Burkina Faso;2012;85,60
BFA;Burkina Faso;2011;86,20
BFA;Burkina Faso;2010;86,60
BFA;Burkina Faso;2009;87,10
BFA;Burkina Faso;2008;87,40
BFA;Burkina Faso;2007;87,70
BFA;Burkina Faso;2006;88,00
BFA;Burkina Faso;2005;88,10
BFA;Burkina Faso;2004;88,30
BFA;Burkina Faso;2003;88,40
BFA;Burkina Faso;2002;88,40
BFA;Burkina Faso;2001;88,30
BFA;Burkina Faso;2000;88,20
BWA;Botswana;2018;43,20
BWA;Botswana;2017;43,10
BWA;Botswana;2016;42,50
BWA;Botswana;2015;41,30
BWA;Botswana;2014;40,00
BWA;Botswana;2013;39,10
BWA;Botswana;2012;38,70
BWA;Botswana;2011;38,30
BWA;Botswana;2010;37,50
BWA;Botswana;2009;37,50
BWA;Botswana;2008;37,60
BWA;Botswana;2007;37,70
BWA;Botswana;2006;38,40
BWA;Botswana;2005;40,00
BWA;Botswana;2004;41,50
BWA;Botswana;2003;42,30
BWA;Botswana;2002;42,90
BWA;Botswana;2001;43,60
BWA;Botswana;2000;44,20
CAF;Central African Republic;2018;74,40
CAF;Central African Republic;2017;75,20
CAF;Central African Republic;2016;75,80
CAF;Central African Republic;2015;76,30
CAF;Central African Republic;2014;76,70
CAF;Central African Republic;2013;76,90
CAF;Central African Republic;2012;77,10
CAF;Central African Republic;2011;77,30
CAF;Central African Republic;2010;77,70
CAF;Central African Republic;2009;78,00
CAF;Central African Republic;2008;78,40
CAF;Central African Republic;2007;78,80
CAF;Central African Republic;2006;79,30
CAF;Central African Republic;2005;79,80
CAF;Central African Republic;2004;80,20
CAF;Central African Republic;2003;80,60
CAF;Central African Republic;2002;81,10
CAF;Central African Republic;2001;81,50
CAF;Central African Republic;2000;82,00
CIV;Côte d’Ivoire;2018;73,00
CIV;Côte d’Ivoire;2017;73,60
CIV;Côte d’Ivoire;2016;74,00
CIV;Côte d’Ivoire;2015;74,20
CIV;Côte d’Ivoire;2014;74,30
CIV;Côte d’Ivoire;2013;74,30
CIV;Côte d’Ivoire;2012;74,30
CIV;Côte d’Ivoire;2011;74,30
CIV;Côte d’Ivoire;2010;74,40
CIV;Côte d’Ivoire;2009;74,60
CIV;Côte d’Ivoire;2008;75,00
CIV;Côte d’Ivoire;2007;75,40
CIV;Côte d’Ivoire;2006;76,00
CIV;Côte d’Ivoire;2005;76,60
CIV;Côte d’Ivoire;2004;77,20
CIV;Côte d’Ivoire;2003;77,90
CIV;Côte d’Ivoire;2002;78,60
CIV;Côte d’Ivoire;2001;79,30
CIV;Côte d’Ivoire;2000;80,00
CMR;Cameroon;2018;60,00
CMR;Cameroon;2017;60,80
CMR;Cameroon;2016;61,50
CMR;Cameroon;2015;62,10
CMR;Cameroon;2014;62,60
CMR;Cameroon;2013;62,90
CMR;Cameroon;2012;63,30
CMR;Cameroon;2011;63,60
CMR;Cameroon;2010;64,00
CMR;Cameroon;2009;64,60
CMR;Cameroon;2008;65,10
CMR;Cameroon;2007;65,80
CMR;Cameroon;2006;66,50
CMR;Cameroon;2005;67,20
CMR;Cameroon;2004;67,90
CMR;Cameroon;2003;68,60
CMR;Cameroon;2002;69,30
CMR;Cameroon;2001;70,00
CMR;Cameroon;2000;70,70
COD;Democratic Republic of the Congo;2018;65,60
COD;Democratic Republic of the Congo;2017;66,30
COD;Democratic Republic of the Congo;2016;66,90
COD;Democratic Republic of the Congo;2015;67,30
COD;Democratic Republic of the Congo;2014;67,70
COD;Democratic Republic of the Congo;2013;68,00
COD;Democratic Republic of the Congo;2012;68,40
COD;Democratic Republic of the Congo;2011;68,80
COD;Democratic Republic of the Congo;2010;69,30
COD;Democratic Republic of the Congo;2009;69,90
COD;Democratic Republic of the Congo;2008;70,50
COD;Democratic Republic of the Congo;2007;71,30
COD;Democratic Republic of the Congo;2006;72,10
COD;Democratic Republic of the Congo;2005;72,80
COD;Democratic Republic of the Congo;2004;73,60
COD;Democratic Republic of the Congo;2003;74,40
COD;Democratic Republic of the Congo;2002;75,20
COD;Democratic Republic of the Congo;2001;75,90
COD;Democratic Republic of the Congo;2000;76,60
COG;Congo;2018;61,60
COG;Congo;2017;62,30
COG;Congo;2016;63,00
COG;Congo;2015;63,50
COG;Congo;2014;63,90
COG;Congo;2013;64,20
COG;Congo;2012;64,40
COG;Congo;2011;64,60
COG;Congo;2010;64,90
COG;Congo;2009;65,30
COG;Congo;2008;65,90
COG;Congo;2007;66,80
COG;Congo;2006;67,70
COG;Congo;2005;68,70
COG;Congo;2004;69,70
COG;Congo;2003;70,70
COG;Congo;2002;71,40
COG;Congo;2001;72,00
COG;Congo;2000;72,50
COM;Comoros;2018;53,90
COM;Comoros;2017;53,90
COM;Comoros;2016;53,90
COM;Comoros;2015;53,80
COM;Comoros;2014;53,80
COM;Comoros;2013;53,90
COM;Comoros;2012;54,10
COM;Comoros;2011;54,40
COM;Comoros;2010;55,00
COM;Comoros;2009;55,50
COM;Comoros;2008;56,20
COM;Comoros;2007;56,80
COM;Comoros;2006;57,50
COM;Comoros;2005;58,20
COM;Comoros;2004;58,80
COM;Comoros;2003;59,40
COM;Comoros;2002;59,90
COM;Comoros;2001;60,50
COM;Comoros;2000;61,30
CPV;Cabo Verde;2018;44,90
CPV;Cabo Verde;2017;45,80
CPV;Cabo Verde;2016;46,70
CPV;Cabo Verde;2015;47,60
CPV;Cabo Verde;2014;48,30
CPV;Cabo Verde;2013;49,00
CPV;Cabo Verde;2012;49,60
CPV;Cabo Verde;2011;50,10
CPV;Cabo Verde;2010;50,50
CPV;Cabo Verde;2009;50,90
CPV;Cabo Verde;2008;51,20
CPV;Cabo Verde;2007;51,40
CPV;Cabo Verde;2006;51,70
CPV;Cabo Verde;2005;52,00
CPV;Cabo Verde;2004;52,50
CPV;Cabo Verde;2003;53,40
CPV;Cabo Verde;2002;54,60
CPV;Cabo Verde;2001;56,30
CPV;Cabo Verde;2000;58,40
DZA;Algeria;2018;34,10
DZA;Algeria;2017;34,00
DZA;Algeria;2016;34,00
DZA;Algeria;2015;33,90
DZA;Algeria;2014;33,90
DZA;Algeria;2013;33,90
DZA;Algeria;2012;34,10
DZA;Algeria;2011;34,30
DZA;Algeria;2010;34,70
DZA;Algeria;2009;35,20
DZA;Algeria;2008;35,80
DZA;Algeria;2007;36,30
DZA;Algeria;2006;36,90
DZA;Algeria;2005;37,40
DZA;Algeria;2004;37,90
DZA;Algeria;2003;38,30
DZA;Algeria;2002;38,80
DZA;Algeria;2001;39,30
DZA;Algeria;2000;39,90
ERI;Eritrea;2018;48,80
ERI;Eritrea;2017;48,70
ERI;Eritrea;2016;48,70
ERI;Eritrea;2015;48,60
ERI;Eritrea;2014;48,70
ERI;Eritrea;2013;48,80
ERI;Eritrea;2012;49,00
ERI;Eritrea;2011;49,40
ERI;Eritrea;2010;49,90
ERI;Eritrea;2009;50,60
ERI;Eritrea;2008;51,30
ERI;Eritrea;2007;52,10
ERI;Eritrea;2006;53,00
ERI;Eritrea;2005;53,80
ERI;Eritrea;2004;54,70
ERI;Eritrea;2003;55,70
ERI;Eritrea;2002;56,80
ERI;Eritrea;2001;58,10
ERI;Eritrea;2000;59,50
ETH;Ethiopia;2018;51,60
ETH;Ethiopia;2017;51,20
ETH;Ethiopia;2016;50,90
ETH;Ethiopia;2015;50,50
ETH;Ethiopia;2014;50,30
ETH;Ethiopia;2013;50,40
ETH;Ethiopia;2012;50,60
ETH;Ethiopia;2011;51,00
ETH;Ethiopia;2010;51,60
ETH;Ethiopia;2009;52,60
ETH;Ethiopia;2008;53,80
ETH;Ethiopia;2007;55,30
ETH;Ethiopia;2006;56,90
ETH;Ethiopia;2005;58,50
ETH;Ethiopia;2004;60,40
ETH;Ethiopia;2003;62,40
ETH;Ethiopia;2002;64,40
ETH;Ethiopia;2001;66,50
ETH;Ethiopia;2000;68,50
GAB;Gabon;2018;58,60
GAB;Gabon;2017;59,40
GAB;Gabon;2016;60,10
GAB;Gabon;2015;60,90
GAB;Gabon;2014;61,50
GAB;Gabon;2013;61,90
GAB;Gabon;2012;62,30
GAB;Gabon;2011;62,80
GAB;Gabon;2010;63,20
GAB;Gabon;2009;63,70
GAB;Gabon;2008;64,20
GAB;Gabon;2007;64,80
GAB;Gabon;2006;65,40
GAB;Gabon;2005;65,90
GAB;Gabon;2004;66,40
GAB;Gabon;2003;67,00
GAB;Gabon;2002;67,40
GAB;Gabon;2001;67,90
GAB;Gabon;2000;68,30
GHA;Ghana;2018;61,00
GHA;Ghana;2017;62,60
GHA;Ghana;2016;64,10
GHA;Ghana;2015;65,40
GHA;Ghana;2014;66,50
GHA;Ghana;2013;67,50
GHA;Ghana;2012;68,40
GHA;Ghana;2011;69,40
GHA;Ghana;2010;70,50
GHA;Ghana;2009;71,70
GHA;Ghana;2008;72,60
GHA;Ghana;2007;73,50
GHA;Ghana;2006;74,20
GHA;Ghana;2005;74,80
GHA;Ghana;2004;75,30
GHA;Ghana;2003;75,70
GHA;Ghana;2002;76,00
GHA;Ghana;2001;76,20
GHA;Ghana;2000;76,40
GIN;Guinea;2018;74,40
GIN;Guinea;2017;75,10
GIN;Guinea;2016;75,60
GIN;Guinea;2015;75,90
GIN;Guinea;2014;76,10
GIN;Guinea;2013;76,10
GIN;Guinea;2012;76,10
GIN;Guinea;2011;76,10
GIN;Guinea;2010;76,20
GIN;Guinea;2009;76,30
GIN;Guinea;2008;76,50
GIN;Guinea;2007;76,80
GIN;Guinea;2006;77,20
GIN;Guinea;2005;77,70
GIN;Guinea;2004;78,30
GIN;Guinea;2003;78,90
GIN;Guinea;2002;79,60
GIN;Guinea;2001;80,20
GIN;Guinea;2000;80,90
GMB;Gambia;2018;55,30
GMB;Gambia;2017;58,30
GMB;Gambia;2016;61,20
GMB;Gambia;2015;63,80
GMB;Gambia;2014;65,90
GMB;Gambia;2013;67,60
GMB;Gambia;2012;69,00
GMB;Gambia;2011;70,10
GMB;Gambia;2010;71,00
GMB;Gambia;2009;71,80
GMB;Gambia;2008;72,50
GMB;Gambia;2007;73,10
GMB;Gambia;2006;73,60
GMB;Gambia;2005;74,10
GMB;Gambia;2004;74,40
GMB;Gambia;2003;74,70
GMB;Gambia;2002;74,90
GMB;Gambia;2001;75,00
GMB;Gambia;2000;75,00
GNB;Guinea-Bissau;2018;68,90
GNB;Guinea-Bissau;2017;69,70
GNB;Guinea-Bissau;2016;70,40
GNB;Guinea-Bissau;2015;70,90
GNB;Guinea-Bissau;2014;71,30
GNB;Guinea-Bissau;2013;71,80
GNB;Guinea-Bissau;2012;72,20
GNB;Guinea-Bissau;2011;72,60
GNB;Guinea-Bissau;2010;73,20
GNB;Guinea-Bissau;2009;73,80
GNB;Guinea-Bissau;2008;74,50
GNB;Guinea-Bissau;2007;75,20
GNB;Guinea-Bissau;2006;75,90
GNB;Guinea-Bissau;2005;76,60
GNB;Guinea-Bissau;2004;77,30
GNB;Guinea-Bissau;2003;78,00
GNB;Guinea-Bissau;2002;78,60
GNB;Guinea-Bissau;2001;79,20
GNB;Guinea-Bissau;2000;79,70
GNQ;Equatorial Guinea;2018;65,00
GNQ;Equatorial Guinea;2017;65,70
GNQ;Equatorial Guinea;2016;66,30
GNQ;Equatorial Guinea;2015;66,80
GNQ;Equatorial Guinea;2014;67,20
GNQ;Equatorial Guinea;2013;67,50
GNQ;Equatorial Guinea;2012;67,90
GNQ;Equatorial Guinea;2011;68,30
GNQ;Equatorial Guinea;2010;68,90
GNQ;Equatorial Guinea;2009;69,50
GNQ;Equatorial Guinea;2008;70,30
GNQ;Equatorial Guinea;2007;71,20
GNQ;Equatorial Guinea;2006;72,20
GNQ;Equatorial Guinea;2005;73,10
GNQ;Equatorial Guinea;2004;74,10
GNQ;Equatorial Guinea;2003;75,00
GNQ;Equatorial Guinea;2002;75,90
GNQ;Equatorial Guinea;2001;76,80
GNQ;Equatorial Guinea;2000;77,70
KEN;Kenya;2018;42,00
KEN;Kenya;2017;41,40
KEN;Kenya;2016;40,60
KEN;Kenya;2015;40,10
KEN;Kenya;2014;39,70
KEN;Kenya;2013;39,30
KEN;Kenya;2012;39,30
KEN;Kenya;2011;39,40
KEN;Kenya;2010;39,90
KEN;Kenya;2009;40,70
KEN;Kenya;2008;42,00
KEN;Kenya;2007;43,70
KEN;Kenya;2006;45,30
KEN;Kenya;2005;46,90
KEN;Kenya;2004;48,80
KEN;Kenya;2003;50,60
KEN;Kenya;2002;52,50
KEN;Kenya;2001;54,60
KEN;Kenya;2000;56,70
LBR;Liberia;2018;72,60
LBR;Liberia;2017;72,70
LBR;Liberia;2016;72,70
LBR;Liberia;2015;72,50
LBR;Liberia;2014;72,20
LBR;Liberia;2013;71,90
LBR;Liberia;2012;71,60
LBR;Liberia;2011;71,40
LBR;Liberia;2010;71,30
LBR;Liberia;2009;71,40
LBR;Liberia;2008;71,80
LBR;Liberia;2007;72,50
LBR;Liberia;2006;73,30
LBR;Liberia;2005;74,40
LBR;Liberia;2004;75,60
LBR;Liberia;2003;76,90
LBR;Liberia;2002;78,20
LBR;Liberia;2001;79,60
LBR;Liberia;2000;81,00
LSO;Lesotho;2018;50,70
LSO;Lesotho;2017;50,50
LSO;Lesotho;2016;50,30
LSO;Lesotho;2015;50,30
LSO;Lesotho;2014;49,70
LSO;Lesotho;2013;49,30
LSO;Lesotho;2012;49,00
LSO;Lesotho;2011;48,70
LSO;Lesotho;2010;48,70
LSO;Lesotho;2009;49,20
LSO;Lesotho;2008;49,90
LSO;Lesotho;2007;49,80
LSO;Lesotho;2006;49,90
LSO;Lesotho;2005;49,50
LSO;Lesotho;2004;49,20
LSO;Lesotho;2003;49,00
LSO;Lesotho;2002;48,80
LSO;Lesotho;2001;48,70
LSO;Lesotho;2000;48,50
MDG;Madagascar;2018;49,50
MDG;Madagascar;2017;49,60
MDG;Madagascar;2016;49,70
MDG;Madagascar;2015;49,90
MDG;Madagascar;2014;50,20
MDG;Madagascar;2013;50,60
MDG;Madagascar;2012;51,00
MDG;Madagascar;2011;51,60
MDG;Madagascar;2010;52,30
MDG;Madagascar;2009;53,20
MDG;Madagascar;2008;54,10
MDG;Madagascar;2007;55,20
MDG;Madagascar;2006;56,20
MDG;Madagascar;2005;57,20
MDG;Madagascar;2004;58,40
MDG;Madagascar;2003;59,60
MDG;Madagascar;2002;61,00
MDG;Madagascar;2001;62,50
MDG;Madagascar;2000;64,40
MLI;Mali;2018;79,80
MLI;Mali;2017;80,40
MLI;Mali;2016;81,00
MLI;Mali;2015;81,40
MLI;Mali;2014;81,70
MLI;Mali;2013;81,80
MLI;Mali;2012;81,80
MLI;Mali;2011;81,70
MLI;Mali;2010;81,80
MLI;Mali;2009;81,80
MLI;Mali;2008;81,90
MLI;Mali;2007;82,00
MLI;Mali;2006;82,30
MLI;Mali;2005;82,70
MLI;Mali;2004;83,10
MLI;Mali;2003;83,60
MLI;Mali;2002;84,00
MLI;Mali;2001;84,50
MLI;Mali;2000;85,00
MOZ;Mozambique;2018;67,70
MOZ;Mozambique;2017;66,90
MOZ;Mozambique;2016;66,10
MOZ;Mozambique;2015;65,50
MOZ;Mozambique;2014;65,10
MOZ;Mozambique;2013;64,70
MOZ;Mozambique;2012;64,60
MOZ;Mozambique;2011;64,70
MOZ;Mozambique;2010;65,10
MOZ;Mozambique;2009;65,50
MOZ;Mozambique;2008;66,40
MOZ;Mozambique;2007;67,50
MOZ;Mozambique;2006;68,70
MOZ;Mozambique;2005;69,80
MOZ;Mozambique;2004;71,00
MOZ;Mozambique;2003;72,30
MOZ;Mozambique;2002;73,70
MOZ;Mozambique;2001;75,20
MOZ;Mozambique;2000;76,70
MRT;Mauritania;2018;66,30
MRT;Mauritania;2017;67,10
MRT;Mauritania;2016;67,70
MRT;Mauritania;2015;68,20
MRT;Mauritania;2014;68,60
MRT;Mauritania;2013;68,90
MRT;Mauritania;2012;69,20
MRT;Mauritania;2011;69,50
MRT;Mauritania;2010;69,90
MRT;Mauritania;2009;70,30
MRT;Mauritania;2008;70,70
MRT;Mauritania;2007;71,20
MRT;Mauritania;2006;71,70
MRT;Mauritania;2005;72,20
MRT;Mauritania;2004;72,60
MRT;Mauritania;2003;73,00
MRT;Mauritania;2002;73,30
MRT;Mauritania;2001;73,60
MRT;Mauritania;2000;73,80
MUS;Mauritius;2018;29,60
MUS;Mauritius;2017;28,70
MUS;Mauritius;2016;27,90
MUS;Mauritius;2015;27,40
MUS;Mauritius;2014;27,10
MUS;Mauritius;2013;27,00
MUS;Mauritius;2012;26,70
MUS;Mauritius;2011;26,50
MUS;Mauritius;2010;26,50
MUS;Mauritius;2009;26,60
MUS;Mauritius;2008;27,00
MUS;Mauritius;2007;27,30
MUS;Mauritius;2006;27,60
MUS;Mauritius;2005;27,90
MUS;Mauritius;2004;28,10
MUS;Mauritius;2003;28,30
MUS;Mauritius;2002;28,80
MUS;Mauritius;2001;29,60
MUS;Mauritius;2000;30,70
MWI;Malawi;2018;55,60
MWI;Malawi;2017;56,20
MWI;Malawi;2016;56,80
MWI;Malawi;2015;57,60
MWI;Malawi;2014;58,60
MWI;Malawi;2013;60,00
MWI;Malawi;2012;61,70
MWI;Malawi;2011;63,40
MWI;Malawi;2010;64,80
MWI;Malawi;2009;65,90
MWI;Malawi;2008;67,00
MWI;Malawi;2007;68,00
MWI;Malawi;2006;68,90
MWI;Malawi;2005;69,90
MWI;Malawi;2004;71,20
MWI;Malawi;2003;72,50
MWI;Malawi;2002;74,00
MWI;Malawi;2001;75,30
MWI;Malawi;2000;76,40
NAM;Namibia;2018;46,10
NAM;Namibia;2017;46,30
NAM;Namibia;2016;46,70
NAM;Namibia;2015;47,00
NAM;Namibia;2014;46,70
NAM;Namibia;2013;47,00
NAM;Namibia;2012;47,20
NAM;Namibia;2011;46,20
NAM;Namibia;2010;45,60
NAM;Namibia;2009;45,80
NAM;Namibia;2008;46,40
NAM;Namibia;2007;47,20
NAM;Namibia;2006;47,90
NAM;Namibia;2005;48,50
NAM;Namibia;2004;48,70
NAM;Namibia;2003;48,20
NAM;Namibia;2002;47,80
NAM;Namibia;2001;47,70
NAM;Namibia;2000;47,70
NER;Niger;2018;72,90
NER;Niger;2017;73,80
NER;Niger;2016;74,50
NER;Niger;2015;75,10
NER;Niger;2014;75,60
NER;Niger;2013;76,00
NER;Niger;2012;76,50
NER;Niger;2011;77,10
NER;Niger;2010;77,80
NER;Niger;2009;78,50
NER;Niger;2008;79,30
NER;Niger;2007;80,00
NER;Niger;2006;80,80
NER;Niger;2005;81,50
NER;Niger;2004;82,10
NER;Niger;2003;82,70
NER;Niger;2002;83,20
NER;Niger;2001;83,60
NER;Niger;2000;83,90
NGA;Nigeria;2018;69,70
NGA;Nigeria;2017;70,40
NGA;Nigeria;2016;70,90
NGA;Nigeria;2015;71,30
NGA;Nigeria;2014;71,50
NGA;Nigeria;2013;71,80
NGA;Nigeria;2012;71,90
NGA;Nigeria;2011;72,20
NGA;Nigeria;2010;72,60
NGA;Nigeria;2009;73,10
NGA;Nigeria;2008;73,60
NGA;Nigeria;2007;74,30
NGA;Nigeria;2006;75,00
NGA;Nigeria;2005;75,80
NGA;Nigeria;2004;76,60
NGA;Nigeria;2003;77,40
NGA;Nigeria;2002;78,10
NGA;Nigeria;2001;78,70
NGA;Nigeria;2000;79,30
RWA;Rwanda;2018;37,80
RWA;Rwanda;2017;37,60
RWA;Rwanda;2016;37,50
RWA;Rwanda;2015;37,40
RWA;Rwanda;2014;37,60
RWA;Rwanda;2013;37,80
RWA;Rwanda;2012;38,40
RWA;Rwanda;2011;39,30
RWA;Rwanda;2010;40,60
RWA;Rwanda;2009;41,90
RWA;Rwanda;2008;43,50
RWA;Rwanda;2007;45,40
RWA;Rwanda;2006;47,50
RWA;Rwanda;2005;49,70
RWA;Rwanda;2004;52,00
RWA;Rwanda;2003;54,50
RWA;Rwanda;2002;56,80
RWA;Rwanda;2001;59,10
RWA;Rwanda;2000;61,30
SEN;Senegal;2018;68,90
SEN;Senegal;2017;69,90
SEN;Senegal;2016;70,80
SEN;Senegal;2015;71,70
SEN;Senegal;2014;72,60
SEN;Senegal;2013;73,50
SEN;Senegal;2012;74,50
SEN;Senegal;2011;75,50
SEN;Senegal;2010;76,50
SEN;Senegal;2009;77,60
SEN;Senegal;2008;78,60
SEN;Senegal;2007;79,50
SEN;Senegal;2006;80,30
SEN;Senegal;2005;81,00
SEN;Senegal;2004;81,60
SEN;Senegal;2003;82,10
SEN;Senegal;2002;82,40
SEN;Senegal;2001;82,60
SEN;Senegal;2000;82,70
SLE;Sierra Leone;2018;74,50
SLE;Sierra Leone;2017;75,40
SLE;Sierra Leone;2016;76,20
SLE;Sierra Leone;2015;76,80
SLE;Sierra Leone;2014;77,10
SLE;Sierra Leone;2013;77,40
SLE;Sierra Leone;2012;77,60
SLE;Sierra Leone;2011;77,70
SLE;Sierra Leone;2010;77,90
SLE;Sierra Leone;2009;78,10
SLE;Sierra Leone;2008;78,40
SLE;Sierra Leone;2007;78,80
SLE;Sierra Leone;2006;79,20
SLE;Sierra Leone;2005;79,70
SLE;Sierra Leone;2004;80,20
SLE;Sierra Leone;2003;80,70
SLE;Sierra Leone;2002;81,20
SLE;Sierra Leone;2001;81,70
SLE;Sierra Leone;2000;82,20
SSD;South Sudan;2018;60,20
SSD;South Sudan;2017;59,90
SSD;South Sudan;2016;59,50
SSD;South Sudan;2015;59,10
SSD;South Sudan;2014;58,70
SSD;South Sudan;2013;58,40
SSD;South Sudan;2012;58,40
SSD;South Sudan;2011;58,80
SSD;South Sudan;2010;59,50
SSD;South Sudan;2009;60,40
SSD;South Sudan;2008;61,40
SSD;South Sudan;2007;62,40
SSD;South Sudan;2006;63,50
SSD;South Sudan;2005;64,60
SSD;South Sudan;2004;65,70
SSD;South Sudan;2003;66,90
SSD;South Sudan;2002;68,10
SSD;South Sudan;2001;69,30
SSD;South Sudan;2000;70,70
STP;Sao Tome and Principe;2018;59,40
STP;Sao Tome and Principe;2017;59,90
STP;Sao Tome and Principe;2016;60,30
STP;Sao Tome and Principe;2015;60,60
STP;Sao Tome and Principe;2014;60,80
STP;Sao Tome and Principe;2013;60,90
STP;Sao Tome and Principe;2012;61,00
STP;Sao Tome and Principe;2011;61,20
STP;Sao Tome and Principe;2010;61,60
STP;Sao Tome and Principe;2009;62,10
STP;Sao Tome and Principe;2008;62,60
STP;Sao Tome and Principe;2007;63,40
STP;Sao Tome and Principe;2006;64,30
STP;Sao Tome and Principe;2005;65,20
STP;Sao Tome and Principe;2004;66,20
STP;Sao Tome and Principe;2003;67,30
STP;Sao Tome and Principe;2002;68,40
STP;Sao Tome and Principe;2001;69,40
STP;Sao Tome and Principe;2000;70,50
SWZ;Eswatini;2018;43,40
SWZ;Eswatini;2017;44,20
SWZ;Eswatini;2016;42,60
SWZ;Eswatini;2015;41,90
SWZ;Eswatini;2014;42,80
SWZ;Eswatini;2013;42,30
SWZ;Eswatini;2012;42,30
SWZ;Eswatini;2011;42,90
SWZ;Eswatini;2010;44,10
SWZ;Eswatini;2009;45,30
SWZ;Eswatini;2008;45,60
SWZ;Eswatini;2007;45,20
SWZ;Eswatini;2006;45,40
SWZ;Eswatini;2005;46,20
SWZ;Eswatini;2004;46,00
SWZ;Eswatini;2003;45,90
SWZ;Eswatini;2002;45,70
SWZ;Eswatini;2001;45,70
SWZ;Eswatini;2000;45,80
SYC;Seychelles;2018;30,10
SYC;Seychelles;2017;29,60
SYC;Seychelles;2016;29,10
SYC;Seychelles;2015;28,60
SYC;Seychelles;2014;28,10
SYC;Seychelles;2013;27,70
SYC;Seychelles;2012;27,40
SYC;Seychelles;2011;27,30
SYC;Seychelles;2010;27,20
SYC;Seychelles;2009;27,20
SYC;Seychelles;2008;27,30
SYC;Seychelles;2007;27,50
SYC;Seychelles;2006;27,50
SYC;Seychelles;2005;27,60
SYC;Seychelles;2004;27,50
SYC;Seychelles;2003;27,40
SYC;Seychelles;2002;27,40
SYC;Seychelles;2001;27,40
SYC;Seychelles;2000;27,50
TCD;Chad;2018;68,00
TCD;Chad;2017;69,50
TCD;Chad;2016;70,90
TCD;Chad;2015;71,90
TCD;Chad;2014;72,70
TCD;Chad;2013;73,40
TCD;Chad;2012;73,90
TCD;Chad;2011;74,40
TCD;Chad;2010;74,90
TCD;Chad;2009;75,40
TCD;Chad;2008;75,90
TCD;Chad;2007;76,40
TCD;Chad;2006;76,90
TCD;Chad;2005;77,30
TCD;Chad;2004;77,80
TCD;Chad;2003;78,20
TCD;Chad;2002;78,60
TCD;Chad;2001;78,90
TCD;Chad;2000;79,10
TGO;Togo;2018;72,80
TGO;Togo;2017;73,10
TGO;Togo;2016;73,30
TGO;Togo;2015;73,30
TGO;Togo;2014;73,30
TGO;Togo;2013;73,20
TGO;Togo;2012;73,10
TGO;Togo;2011;73,20
TGO;Togo;2010;73,30
TGO;Togo;2009;73,60
TGO;Togo;2008;74,10
TGO;Togo;2007;74,60
TGO;Togo;2006;75,30
TGO;Togo;2005;76,00
TGO;Togo;2004;76,70
TGO;Togo;2003;77,50
TGO;Togo;2002;78,30
TGO;Togo;2001;79,10
TGO;Togo;2000;79,80
TZA;United Republic of Tanzania;2018;56,60
TZA;United Republic of Tanzania;2017;57,20
TZA;United Republic of Tanzania;2016;57,70
TZA;United Republic of Tanzania;2015;58,30
TZA;United Republic of Tanzania;2014;58,70
TZA;United Republic of Tanzania;2013;59,30
TZA;United Republic of Tanzania;2012;60,10
TZA;United Republic of Tanzania;2011;61,00
TZA;United Republic of Tanzania;2010;62,20
TZA;United Republic of Tanzania;2009;63,40
TZA;United Republic of Tanzania;2008;64,60
TZA;United Republic of Tanzania;2007;65,70
TZA;United Republic of Tanzania;2006;66,80
TZA;United Republic of Tanzania;2005;67,80
TZA;United Republic of Tanzania;2004;68,60
TZA;United Republic of Tanzania;2003;69,50
TZA;United Republic of Tanzania;2002;70,40
TZA;United Republic of Tanzania;2001;71,30
TZA;United Republic of Tanzania;2000;72,10
UGA;Uganda;2018;52,20
UGA;Uganda;2017;52,70
UGA;Uganda;2016;53,20
UGA;Uganda;2015;53,90
UGA;Uganda;2014;54,60
UGA;Uganda;2013;55,60
UGA;Uganda;2012;56,70
UGA;Uganda;2011;58,10
UGA;Uganda;2010;59,50
UGA;Uganda;2009;61,20
UGA;Uganda;2008;62,80
UGA;Uganda;2007;64,40
UGA;Uganda;2006;66,00
UGA;Uganda;2005;67,40
UGA;Uganda;2004;68,70
UGA;Uganda;2003;69,80
UGA;Uganda;2002;70,90
UGA;Uganda;2001;71,90
UGA;Uganda;2000;72,90
ZAF;South Africa;2018;42,90
ZAF;South Africa;2017;41,20
ZAF;South Africa;2016;39,60
ZAF;South Africa;2015;38,00
ZAF;South Africa;2014;36,60
ZAF;South Africa;2013;35,30
ZAF;South Africa;2012;34,50
ZAF;South Africa;2011;34,60
ZAF;South Africa;2010;35,60
ZAF;South Africa;2009;37,20
ZAF;South Africa;2008;38,90
ZAF;South Africa;2007;40,10
ZAF;South Africa;2006;40,90
ZAF;South Africa;2005;40,80
ZAF;South Africa;2004;40,80
ZAF;South Africa;2003;40,60
ZAF;South Africa;2002;40,70
ZAF;South Africa;2001;41,00
ZAF;South Africa;2000;41,30
ZMB;Zambia;2018;54,90
ZMB;Zambia;2017;54,60
ZMB;Zambia;2016;54,40
ZMB;Zambia;2015;54,20
ZMB;Zambia;2014;53,90
ZMB;Zambia;2013;53,90
ZMB;Zambia;2012;54,00
ZMB;Zambia;2011;54,00
ZMB;Zambia;2010;54,30
ZMB;Zambia;2009;55,00
ZMB;Zambia;2008;55,80
ZMB;Zambia;2007;56,60
ZMB;Zambia;2006;57,60
ZMB;Zambia;2005;58,70
ZMB;Zambia;2004;59,90
ZMB;Zambia;2003;61,20
ZMB;Zambia;2002;62,60
ZMB;Zambia;2001;64,20
ZMB;Zambia;2000;65,60
ZWE;Zimbabwe;2018;38,50
ZWE;Zimbabwe;2017;39,60
ZWE;Zimbabwe;2016;40,50
ZWE;Zimbabwe;2015;41,70
ZWE;Zimbabwe;2014;42,80
ZWE;Zimbabwe;2013;44,30
ZWE;Zimbabwe;2012;46,20
ZWE;Zimbabwe;2011;48,30
ZWE;Zimbabwe;2010;49,80
ZWE;Zimbabwe;2009;50,80
ZWE;Zimbabwe;2008;51,20
ZWE;Zimbabwe;2007;51,00
ZWE;Zimbabwe;2006;50,20
ZWE;Zimbabwe;2005;48,90
ZWE;Zimbabwe;2004;47,50
ZWE;Zimbabwe;2003;45,90
ZWE;Zimbabwe;2002;44,20
ZWE;Zimbabwe;2001;42,50
ZWE;Zimbabwe;2000;41,00
ARG;Argentina;2018;18,60
ARG;Argentina;2017;18,50
ARG;Argentina;2016;18,30
ARG;Argentina;2015;18,30
ARG;Argentina;2014;18,30
ARG;Argentina;2013;18,40
ARG;Argentina;2012;18,50
ARG;Argentina;2011;18,70
ARG;Argentina;2010;18,80
ARG;Argentina;2009;19,10
ARG;Argentina;2008;19,20
ARG;Argentina;2007;19,40
ARG;Argentina;2006;19,60
ARG;Argentina;2005;19,90
ARG;Argentina;2004;20,10
ARG;Argentina;2003;20,40
ARG;Argentina;2002;20,70
ARG;Argentina;2001;21,10
ARG;Argentina;2000;21,70
ATG;Antigua and Barbuda;2018;17,30
ATG;Antigua and Barbuda;2017;17,40
ATG;Antigua and Barbuda;2016;17,60
ATG;Antigua and Barbuda;2015;17,90
ATG;Antigua and Barbuda;2014;18,20
ATG;Antigua and Barbuda;2013;18,60
ATG;Antigua and Barbuda;2012;19,10
ATG;Antigua and Barbuda;2011;19,60
ATG;Antigua and Barbuda;2010;20,20
ATG;Antigua and Barbuda;2009;21,00
ATG;Antigua and Barbuda;2008;21,80
ATG;Antigua and Barbuda;2007;22,60
ATG;Antigua and Barbuda;2006;23,50
ATG;Antigua and Barbuda;2005;24,30
ATG;Antigua and Barbuda;2004;25,10
ATG;Antigua and Barbuda;2003;25,90
ATG;Antigua and Barbuda;2002;26,40
ATG;Antigua and Barbuda;2001;27,00
ATG;Antigua and Barbuda;2000;27,40
BHS;Bahamas;2018;17,70
BHS;Bahamas;2017;17,50
BHS;Bahamas;2016;17,60
BHS;Bahamas;2015;17,60
BHS;Bahamas;2014;17,70
BHS;Bahamas;2013;17,80
BHS;Bahamas;2012;18,00
BHS;Bahamas;2011;18,40
BHS;Bahamas;2010;18,90
BHS;Bahamas;2009;19,20
BHS;Bahamas;2008;19,60
BHS;Bahamas;2007;19,80
BHS;Bahamas;2006;19,90
BHS;Bahamas;2005;19,90
BHS;Bahamas;2004;19,80
BHS;Bahamas;2003;19,60
BHS;Bahamas;2002;19,40
BHS;Bahamas;2001;19,30
BHS;Bahamas;2000;19,40
BLZ;Belize;2018;20,40
BLZ;Belize;2017;20,70
BLZ;Belize;2016;21,00
BLZ;Belize;2015;21,30
BLZ;Belize;2014;21,70
BLZ;Belize;2013;22,00
BLZ;Belize;2012;22,30
BLZ;Belize;2011;22,70
BLZ;Belize;2010;23,10
BLZ;Belize;2009;23,60
BLZ;Belize;2008;24,00
BLZ;Belize;2007;24,30
BLZ;Belize;2006;24,50
BLZ;Belize;2005;24,60
BLZ;Belize;2004;24,80
BLZ;Belize;2003;25,10
BLZ;Belize;2002;25,40
BLZ;Belize;2001;25,70
BLZ;Belize;2000;26,10
BOL;Bolivia (Plurinational State of);2018;38,30
BOL;Bolivia (Plurinational State of);2017;40,10
BOL;Bolivia (Plurinational State of);2016;42,00
BOL;Bolivia (Plurinational State of);2015;44,30
BOL;Bolivia (Plurinational State of);2014;46,20
BOL;Bolivia (Plurinational State of);2013;47,70
BOL;Bolivia (Plurinational State of);2012;49,50
BOL;Bolivia (Plurinational State of);2011;51,10
BOL;Bolivia (Plurinational State of);2010;52,50
BOL;Bolivia (Plurinational State of);2009;53,80
BOL;Bolivia (Plurinational State of);2008;54,80
BOL;Bolivia (Plurinational State of);2007;55,60
BOL;Bolivia (Plurinational State of);2006;56,20
BOL;Bolivia (Plurinational State of);2005;56,40
BOL;Bolivia (Plurinational State of);2004;56,60
BOL;Bolivia (Plurinational State of);2003;56,70
BOL;Bolivia (Plurinational State of);2002;56,80
BOL;Bolivia (Plurinational State of);2001;56,90
BOL;Bolivia (Plurinational State of);2000;57,00
BRA;Brazil;2018;11,90
BRA;Brazil;2017;12,50
BRA;Brazil;2016;13,00
BRA;Brazil;2015;13,70
BRA;Brazil;2014;14,30
BRA;Brazil;2013;15,10
BRA;Brazil;2012;15,90
BRA;Brazil;2011;16,70
BRA;Brazil;2010;17,70
BRA;Brazil;2009;18,70
BRA;Brazil;2008;19,70
BRA;Brazil;2007;20,60
BRA;Brazil;2006;21,40
BRA;Brazil;2005;22,20
BRA;Brazil;2004;23,00
BRA;Brazil;2003;23,70
BRA;Brazil;2002;24,30
BRA;Brazil;2001;25,00
BRA;Brazil;2000;25,90
BRB;Barbados;2018;20,10
BRB;Barbados;2017;20,30
BRB;Barbados;2016;20,60
BRB;Barbados;2015;20,80
BRB;Barbados;2014;21,10
BRB;Barbados;2013;21,30
BRB;Barbados;2012;21,50
BRB;Barbados;2011;21,80
BRB;Barbados;2010;21,90
BRB;Barbados;2009;22,10
BRB;Barbados;2008;22,20
BRB;Barbados;2007;22,40
BRB;Barbados;2006;22,50
BRB;Barbados;2005;22,50
BRB;Barbados;2004;22,50
BRB;Barbados;2003;22,40
BRB;Barbados;2002;22,10
BRB;Barbados;2001;21,80
BRB;Barbados;2000;21,40
CAN;Canada;2018;12,70
CAN;Canada;2017;12,20
CAN;Canada;2016;11,80
CAN;Canada;2015;11,50
CAN;Canada;2014;11,20
CAN;Canada;2013;10,90
CAN;Canada;2012;10,70
CAN;Canada;2011;10,50
CAN;Canada;2010;10,40
CAN;Canada;2009;10,40
CAN;Canada;2008;10,30
CAN;Canada;2007;10,30
CAN;Canada;2006;10,30
CAN;Canada;2005;10,30
CAN;Canada;2004;10,30
CAN;Canada;2003;10,40
CAN;Canada;2002;10,40
CAN;Canada;2001;10,50
CAN;Canada;2000;10,70
CHL;Chile;2018;19,70
CHL;Chile;2017;19,50
CHL;Chile;2016;19,40
CHL;Chile;2015;19,30
CHL;Chile;2014;19,30
CHL;Chile;2013;19,30
CHL;Chile;2012;19,30
CHL;Chile;2011;19,30
CHL;Chile;2010;19,30
CHL;Chile;2009;19,40
CHL;Chile;2008;19,50
CHL;Chile;2007;19,50
CHL;Chile;2006;19,50
CHL;Chile;2005;19,50
CHL;Chile;2004;19,70
CHL;Chile;2003;19,80
CHL;Chile;2002;20,10
CHL;Chile;2001;20,40
CHL;Chile;2000;20,90
COL;Colombia;2018;22,30
COL;Colombia;2017;22,50
COL;Colombia;2016;22,90
COL;Colombia;2015;23,30
COL;Colombia;2014;23,80
COL;Colombia;2013;24,30
COL;Colombia;2012;24,90
COL;Colombia;2011;25,60
COL;Colombia;2010;26,30
COL;Colombia;2009;26,90
COL;Colombia;2008;27,50
COL;Colombia;2007;28,00
COL;Colombia;2006;28,50
COL;Colombia;2005;28,90
COL;Colombia;2004;29,30
COL;Colombia;2003;29,50
COL;Colombia;2002;29,80
COL;Colombia;2001;30,00
COL;Colombia;2000;30,20
CRI;Costa Rica;2018;18,80
CRI;Costa Rica;2017;18,70
CRI;Costa Rica;2016;18,60
CRI;Costa Rica;2015;18,60
CRI;Costa Rica;2014;18,60
CRI;Costa Rica;2013;18,60
CRI;Costa Rica;2012;18,70
CRI;Costa Rica;2011;18,80
CRI;Costa Rica;2010;18,90
CRI;Costa Rica;2009;19,10
CRI;Costa Rica;2008;19,30
CRI;Costa Rica;2007;19,40
CRI;Costa Rica;2006;19,50
CRI;Costa Rica;2005;19,60
CRI;Costa Rica;2004;19,70
CRI;Costa Rica;2003;19,70
CRI;Costa Rica;2002;19,80
CRI;Costa Rica;2001;19,90
CRI;Costa Rica;2000;20,10
CUB;Cuba;2018;18,50
CUB;Cuba;2017;18,90
CUB;Cuba;2016;19,40
CUB;Cuba;2015;19,90
CUB;Cuba;2014;20,50
CUB;Cuba;2013;21,00
CUB;Cuba;2012;21,50
CUB;Cuba;2011;21,90
CUB;Cuba;2010;22,50
CUB;Cuba;2009;23,30
CUB;Cuba;2008;24,00
CUB;Cuba;2007;24,60
CUB;Cuba;2006;25,20
CUB;Cuba;2005;25,70
CUB;Cuba;2004;26,20
CUB;Cuba;2003;26,40
CUB;Cuba;2002;26,40
CUB;Cuba;2001;26,30
CUB;Cuba;2000;26,40
DMA;Dominica;2018;29,50
DMA;Dominica;2017;29,20
DMA;Dominica;2016;29,10
DMA;Dominica;2015;28,90
DMA;Dominica;2014;28,70
DMA;Dominica;2013;28,50
DMA;Dominica;2012;28,40
DMA;Dominica;2011;28,30
DMA;Dominica;2010;28,20
DMA;Dominica;2009;27,90
DMA;Dominica;2008;27,60
DMA;Dominica;2007;27,30
DMA;Dominica;2006;27,00
DMA;Dominica;2005;26,70
DMA;Dominica;2004;26,50
DMA;Dominica;2003;26,30
DMA;Dominica;2002;26,40
DMA;Dominica;2001;26,60
DMA;Dominica;2000;26,80
DOM;Dominican Republic;2018;28,00
DOM;Dominican Republic;2017;28,20
DOM;Dominican Republic;2016;28,50
DOM;Dominican Republic;2015;28,90
DOM;Dominican Republic;2014;29,20
DOM;Dominican Republic;2013;29,30
DOM;Dominican Republic;2012;29,60
DOM;Dominican Republic;2011;29,80
DOM;Dominican Republic;2010;30,00
DOM;Dominican Republic;2009;30,20
DOM;Dominican Republic;2008;30,60
DOM;Dominican Republic;2007;31,10
DOM;Dominican Republic;2006;31,70
DOM;Dominican Republic;2005;32,30
DOM;Dominican Republic;2004;32,80
DOM;Dominican Republic;2003;33,20
DOM;Dominican Republic;2002;33,70
DOM;Dominican Republic;2001;34,10
DOM;Dominican Republic;2000;34,60
ECU;Ecuador;2018;23,60
ECU;Ecuador;2017;23,70
ECU;Ecuador;2016;23,80
ECU;Ecuador;2015;24,00
ECU;Ecuador;2014;24,30
ECU;Ecuador;2013;24,50
ECU;Ecuador;2012;25,00
ECU;Ecuador;2011;25,60
ECU;Ecuador;2010;26,30
ECU;Ecuador;2009;27,10
ECU;Ecuador;2008;27,80
ECU;Ecuador;2007;28,50
ECU;Ecuador;2006;29,20
ECU;Ecuador;2005;29,60
ECU;Ecuador;2004;30,10
ECU;Ecuador;2003;30,50
ECU;Ecuador;2002;30,90
ECU;Ecuador;2001;31,40
ECU;Ecuador;2000;31,90
GRD;Grenada;2018;23,60
GRD;Grenada;2017;23,60
GRD;Grenada;2016;23,60
GRD;Grenada;2015;23,70
GRD;Grenada;2014;23,70
GRD;Grenada;2013;23,80
GRD;Grenada;2012;23,80
GRD;Grenada;2011;23,90
GRD;Grenada;2010;24,10
GRD;Grenada;2009;24,00
GRD;Grenada;2008;24,00
GRD;Grenada;2007;24,10
GRD;Grenada;2006;24,10
GRD;Grenada;2005;24,10
GRD;Grenada;2004;24,10
GRD;Grenada;2003;24,00
GRD;Grenada;2002;24,20
GRD;Grenada;2001;24,30
GRD;Grenada;2000;24,50
GTM;Guatemala;2018;10,20
GTM;Guatemala;2017;10,80
GTM;Guatemala;2016;11,80
GTM;Guatemala;2015;13,10
GTM;Guatemala;2014;14,70
GTM;Guatemala;2013;16,70
GTM;Guatemala;2012;19,10
GTM;Guatemala;2011;21,50
GTM;Guatemala;2010;24,00
GTM;Guatemala;2009;26,40
GTM;Guatemala;2008;28,40
GTM;Guatemala;2007;30,10
GTM;Guatemala;2006;31,40
GTM;Guatemala;2005;32,20
GTM;Guatemala;2004;32,80
GTM;Guatemala;2003;33,00
GTM;Guatemala;2002;32,90
GTM;Guatemala;2001;32,80
GTM;Guatemala;2000;32,70
GUY;Guyana;2018;29,80
GUY;Guyana;2017;30,30
GUY;Guyana;2016;31,00
GUY;Guyana;2015;31,70
GUY;Guyana;2014;32,50
GUY;Guyana;2013;33,40
GUY;Guyana;2012;34,10
GUY;Guyana;2011;35,10
GUY;Guyana;2010;36,00
GUY;Guyana;2009;36,90
GUY;Guyana;2008;37,60
GUY;Guyana;2007;38,20
GUY;Guyana;2006;38,60
GUY;Guyana;2005;38,90
GUY;Guyana;2004;39,10
GUY;Guyana;2003;39,10
GUY;Guyana;2002;39,20
GUY;Guyana;2001;39,40
GUY;Guyana;2000;39,70
HND;Honduras;2018;26,90
HND;Honduras;2017;27,60
HND;Honduras;2016;28,40
HND;Honduras;2015;29,20
HND;Honduras;2014;30,00
HND;Honduras;2013;30,90
HND;Honduras;2012;31,70
HND;Honduras;2011;32,50
HND;Honduras;2010;33,30
HND;Honduras;2009;34,10
HND;Honduras;2008;34,70
HND;Honduras;2007;35,30
HND;Honduras;2006;35,60
HND;Honduras;2005;35,80
HND;Honduras;2004;35,90
HND;Honduras;2003;35,80
HND;Honduras;2002;35,70
HND;Honduras;2001;35,60
HND;Honduras;2000;35,50
HTI;Haiti;2018;60,70
HTI;Haiti;2017;61,30
HTI;Haiti;2016;61,70
HTI;Haiti;2015;62,00
HTI;Haiti;2014;62,20
HTI;Haiti;2013;62,40
HTI;Haiti;2012;62,50
HTI;Haiti;2011;62,70
HTI;Haiti;2010;62,90
HTI;Haiti;2009;63,10
HTI;Haiti;2008;63,20
HTI;Haiti;2007;63,40
HTI;Haiti;2006;63,50
HTI;Haiti;2005;63,50
HTI;Haiti;2004;63,60
HTI;Haiti;2003;63,70
HTI;Haiti;2002;63,80
HTI;Haiti;2001;64,10
HTI;Haiti;2000;64,40
JAM;Jamaica;2018;23,70
JAM;Jamaica;2017;24,00
JAM;Jamaica;2016;24,30
JAM;Jamaica;2015;24,50
JAM;Jamaica;2014;24,90
JAM;Jamaica;2013;25,10
JAM;Jamaica;2012;25,50
JAM;Jamaica;2011;25,90
JAM;Jamaica;2010;26,30
JAM;Jamaica;2009;26,60
JAM;Jamaica;2008;26,90
JAM;Jamaica;2007;27,10
JAM;Jamaica;2006;27,20
JAM;Jamaica;2005;27,20
JAM;Jamaica;2004;27,30
JAM;Jamaica;2003;27,30
JAM;Jamaica;2002;27,30
JAM;Jamaica;2001;27,40
JAM;Jamaica;2000;27,70
KNA;Saint Kitts and Nevis;2018;20,40
KNA;Saint Kitts and Nevis;2017;20,40
KNA;Saint Kitts and Nevis;2016;20,70
KNA;Saint Kitts and Nevis;2015;21,00
KNA;Saint Kitts and Nevis;2014;21,30
KNA;Saint Kitts and Nevis;2013;21,80
KNA;Saint Kitts and Nevis;2012;22,40
KNA;Saint Kitts and Nevis;2011;22,80
KNA;Saint Kitts and Nevis;2010;23,50
KNA;Saint Kitts and Nevis;2009;23,70
KNA;Saint Kitts and Nevis;2008;23,90
KNA;Saint Kitts and Nevis;2007;24,00
KNA;Saint Kitts and Nevis;2006;24,20
KNA;Saint Kitts and Nevis;2005;24,30
KNA;Saint Kitts and Nevis;2004;24,40
KNA;Saint Kitts and Nevis;2003;24,50
KNA;Saint Kitts and Nevis;2002;24,70
KNA;Saint Kitts and Nevis;2001;25,00
KNA;Saint Kitts and Nevis;2000;25,50
LCA;Saint Lucia;2018;22,20
LCA;Saint Lucia;2017;22,00
LCA;Saint Lucia;2016;21,90
LCA;Saint Lucia;2015;21,80
LCA;Saint Lucia;2014;21,80
LCA;Saint Lucia;2013;21,80
LCA;Saint Lucia;2012;21,90
LCA;Saint Lucia;2011;22,10
LCA;Saint Lucia;2010;22,30
LCA;Saint Lucia;2009;22,50
LCA;Saint Lucia;2008;22,60
LCA;Saint Lucia;2007;22,60
LCA;Saint Lucia;2006;22,60
LCA;Saint Lucia;2005;22,50
LCA;Saint Lucia;2004;22,30
LCA;Saint Lucia;2003;22,20
LCA;Saint Lucia;2002;21,90
LCA;Saint Lucia;2001;22,00
LCA;Saint Lucia;2000;22,20
MEX;Mexico;2018;21,70
MEX;Mexico;2017;21,90
MEX;Mexico;2016;22,20
MEX;Mexico;2015;22,50
MEX;Mexico;2014;22,90
MEX;Mexico;2013;23,40
MEX;Mexico;2012;23,90
MEX;Mexico;2011;24,50
MEX;Mexico;2010;25,10
MEX;Mexico;2009;25,70
MEX;Mexico;2008;26,30
MEX;Mexico;2007;26,90
MEX;Mexico;2006;27,50
MEX;Mexico;2005;28,00
MEX;Mexico;2004;28,40
MEX;Mexico;2003;28,90
MEX;Mexico;2002;29,40
MEX;Mexico;2001;30,00
MEX;Mexico;2000;30,70
NIC;Nicaragua;2018;20,20
NIC;Nicaragua;2017;19,60
NIC;Nicaragua;2016;19,00
NIC;Nicaragua;2015;18,50
NIC;Nicaragua;2014;18,20
NIC;Nicaragua;2013;17,80
NIC;Nicaragua;2012;17,60
NIC;Nicaragua;2011;17,40
NIC;Nicaragua;2010;17,50
NIC;Nicaragua;2009;17,80
NIC;Nicaragua;2008;18,00
NIC;Nicaragua;2007;18,40
NIC;Nicaragua;2006;19,20
NIC;Nicaragua;2005;20,20
NIC;Nicaragua;2004;21,40
NIC;Nicaragua;2003;23,00
NIC;Nicaragua;2002;24,70
NIC;Nicaragua;2001;26,70
NIC;Nicaragua;2000;28,80
PAN;Panama;2018;16,70
PAN;Panama;2017;17,60
PAN;Panama;2016;18,50
PAN;Panama;2015;19,50
PAN;Panama;2014;20,60
PAN;Panama;2013;21,80
PAN;Panama;2012;22,90
PAN;Panama;2011;24,10
PAN;Panama;2010;25,20
PAN;Panama;2009;26,30
PAN;Panama;2008;27,40
PAN;Panama;2007;28,40
PAN;Panama;2006;29,10
PAN;Panama;2005;29,70
PAN;Panama;2004;30,10
PAN;Panama;2003;30,30
PAN;Panama;2002;30,60
PAN;Panama;2001;30,80
PAN;Panama;2000;31,00
PER;Peru;2018;30,50
PER;Peru;2017;31,50
PER;Peru;2016;32,50
PER;Peru;2015;33,60
PER;Peru;2014;34,70
PER;Peru;2013;35,80
PER;Peru;2012;37,00
PER;Peru;2011;38,30
PER;Peru;2010;39,60
PER;Peru;2009;40,90
PER;Peru;2008;42,00
PER;Peru;2007;43,00
PER;Peru;2006;43,70
PER;Peru;2005;44,20
PER;Peru;2004;44,40
PER;Peru;2003;44,40
PER;Peru;2002;44,30
PER;Peru;2001;44,20
PER;Peru;2000;44,10
PRY;Paraguay;2018;28,40
PRY;Paraguay;2017;29,00
PRY;Paraguay;2016;29,20
PRY;Paraguay;2015;29,50
PRY;Paraguay;2014;29,80
PRY;Paraguay;2013;30,10
PRY;Paraguay;2012;30,50
PRY;Paraguay;2011;30,80
PRY;Paraguay;2010;31,10
PRY;Paraguay;2009;31,80
PRY;Paraguay;2008;32,30
PRY;Paraguay;2007;32,70
PRY;Paraguay;2006;32,80
PRY;Paraguay;2005;32,60
PRY;Paraguay;2004;32,30
PRY;Paraguay;2003;32,00
PRY;Paraguay;2002;31,70
PRY;Paraguay;2001;31,40
PRY;Paraguay;2000;31,30
SLV;El Salvador;2018;24,60
SLV;El Salvador;2017;24,60
SLV;El Salvador;2016;24,70
SLV;El Salvador;2015;24,80
SLV;El Salvador;2014;24,90
SLV;El Salvador;2013;24,90
SLV;El Salvador;2012;24,90
SLV;El Salvador;2011;24,90
SLV;El Salvador;2010;24,90
SLV;El Salvador;2009;24,70
SLV;El Salvador;2008;24,50
SLV;El Salvador;2007;24,30
SLV;El Salvador;2006;24,10
SLV;El Salvador;2005;23,70
SLV;El Salvador;2004;23,30
SLV;El Salvador;2003;22,90
SLV;El Salvador;2002;22,50
SLV;El Salvador;2001;22,20
SLV;El Salvador;2000;21,90
SUR;Suriname;2018;26,00
SUR;Suriname;2017;26,20
SUR;Suriname;2016;26,40
SUR;Suriname;2015;26,70
SUR;Suriname;2014;27,00
SUR;Suriname;2013;27,30
SUR;Suriname;2012;27,80
SUR;Suriname;2011;28,40
SUR;Suriname;2010;29,00
SUR;Suriname;2009;29,70
SUR;Suriname;2008;30,40
SUR;Suriname;2007;31,00
SUR;Suriname;2006;31,60
SUR;Suriname;2005;31,90
SUR;Suriname;2004;32,20
SUR;Suriname;2003;32,50
SUR;Suriname;2002;32,70
SUR;Suriname;2001;32,90
SUR;Suriname;2000;33,10
TTO;Trinidad and Tobago;2018;23,00
TTO;Trinidad and Tobago;2017;23,20
TTO;Trinidad and Tobago;2016;23,60
TTO;Trinidad and Tobago;2015;24,00
TTO;Trinidad and Tobago;2014;24,40
TTO;Trinidad and Tobago;2013;24,80
TTO;Trinidad and Tobago;2012;25,50
TTO;Trinidad and Tobago;2011;26,20
TTO;Trinidad and Tobago;2010;26,90
TTO;Trinidad and Tobago;2009;27,70
TTO;Trinidad and Tobago;2008;28,30
TTO;Trinidad and Tobago;2007;28,80
TTO;Trinidad and Tobago;2006;29,30
TTO;Trinidad and Tobago;2005;29,70
TTO;Trinidad and Tobago;2004;29,90
TTO;Trinidad and Tobago;2003;30,20
TTO;Trinidad and Tobago;2002;30,40
TTO;Trinidad and Tobago;2001;30,50
TTO;Trinidad and Tobago;2000;30,80
URY;Uruguay;2018;25,00
URY;Uruguay;2017;24,80
URY;Uruguay;2016;24,50
URY;Uruguay;2015;24,30
URY;Uruguay;2014;24,00
URY;Uruguay;2013;23,80
URY;Uruguay;2012;23,60
URY;Uruguay;2011;23,30
URY;Uruguay;2010;23,50
URY;Uruguay;2009;23,90
URY;Uruguay;2008;24,20
URY;Uruguay;2007;24,50
URY;Uruguay;2006;24,90
URY;Uruguay;2005;24,80
URY;Uruguay;2004;24,60
URY;Uruguay;2003;24,30
URY;Uruguay;2002;23,80
URY;Uruguay;2001;23,40
URY;Uruguay;2000;23,40
USA;United States of America;2018;6,00
USA;United States of America;2017;5,90
USA;United States of America;2016;5,90
USA;United States of America;2015;5,80
USA;United States of America;2014;5,80
USA;United States of America;2013;5,80
USA;United States of America;2012;5,80
USA;United States of America;2011;5,80
USA;United States of America;2010;5,80
USA;United States of America;2009;5,80
USA;United States of America;2008;5,80
USA;United States of America;2007;5,80
USA;United States of America;2006;5,80
USA;United States of America;2005;5,90
USA;United States of America;2004;5,90
USA;United States of America;2003;5,90
USA;United States of America;2002;6,00
USA;United States of America;2001;6,10
USA;United States of America;2000;6,20
VCT;Saint Vincent and the Grenadines;2018;20,40
VCT;Saint Vincent and the Grenadines;2017;20,70
VCT;Saint Vincent and the Grenadines;2016;21,00
VCT;Saint Vincent and the Grenadines;2015;21,50
VCT;Saint Vincent and the Grenadines;2014;21,90
VCT;Saint Vincent and the Grenadines;2013;22,30
VCT;Saint Vincent and the Grenadines;2012;22,80
VCT;Saint Vincent and the Grenadines;2011;23,40
VCT;Saint Vincent and the Grenadines;2010;23,90
VCT;Saint Vincent and the Grenadines;2009;24,40
VCT;Saint Vincent and the Grenadines;2008;24,80
VCT;Saint Vincent and the Grenadines;2007;25,20
VCT;Saint Vincent and the Grenadines;2006;25,50
VCT;Saint Vincent and the Grenadines;2005;25,70
VCT;Saint Vincent and the Grenadines;2004;26,00
VCT;Saint Vincent and the Grenadines;2003;26,10
VCT;Saint Vincent and the Grenadines;2002;26,30
VCT;Saint Vincent and the Grenadines;2001;26,40
VCT;Saint Vincent and the Grenadines;2000;26,70
VEN;Venezuela (Bolivarian Republic of);2018;27,70
VEN;Venezuela (Bolivarian Republic of);2017;27,30
VEN;Venezuela (Bolivarian Republic of);2016;27,00
VEN;Venezuela (Bolivarian Republic of);2015;26,70
VEN;Venezuela (Bolivarian Republic of);2014;26,30
VEN;Venezuela (Bolivarian Republic of);2013;25,80
VEN;Venezuela (Bolivarian Republic of);2012;25,60
VEN;Venezuela (Bolivarian Republic of);2011;25,50
VEN;Venezuela (Bolivarian Republic of);2010;25,80
VEN;Venezuela (Bolivarian Republic of);2009;26,10
VEN;Venezuela (Bolivarian Republic of);2008;26,50
VEN;Venezuela (Bolivarian Republic of);2007;27,10
VEN;Venezuela (Bolivarian Republic of);2006;27,70
VEN;Venezuela (Bolivarian Republic of);2005;28,20
VEN;Venezuela (Bolivarian Republic of);2004;28,60
VEN;Venezuela (Bolivarian Republic of);2003;28,70
VEN;Venezuela (Bolivarian Republic of);2002;28,70
VEN;Venezuela (Bolivarian Republic of);2001;28,80
VEN;Venezuela (Bolivarian Republic of);2000;29,10
AFG;Afghanistan;2018;44,50
AFG;Afghanistan;2017;44,20
AFG;Afghanistan;2016;43,90
AFG;Afghanistan;2015;43,70
AFG;Afghanistan;2014;43,60
AFG;Afghanistan;2013;43,50
AFG;Afghanistan;2012;43,50
AFG;Afghanistan;2011;43,50
AFG;Afghanistan;2010;43,70
AFG;Afghanistan;2009;43,90
AFG;Afghanistan;2008;44,20
AFG;Afghanistan;2007;44,50
AFG;Afghanistan;2006;44,90
AFG;Afghanistan;2005;45,50
AFG;Afghanistan;2004;46,20
AFG;Afghanistan;2003;47,10
AFG;Afghanistan;2002;48,30
AFG;Afghanistan;2001;49,80
AFG;Afghanistan;2000;51,50
ARE;United Arab Emirates;2018;20,00
ARE;United Arab Emirates;2017;19,60
ARE;United Arab Emirates;2016;19,40
ARE;United Arab Emirates;2015;19,30
ARE;United Arab Emirates;2014;19,30
ARE;United Arab Emirates;2013;19,40
ARE;United Arab Emirates;2012;19,50
ARE;United Arab Emirates;2011;19,40
ARE;United Arab Emirates;2010;19,30
ARE;United Arab Emirates;2009;19,40
ARE;United Arab Emirates;2008;19,40
ARE;United Arab Emirates;2007;19,30
ARE;United Arab Emirates;2006;18,90
ARE;United Arab Emirates;2005;18,70
ARE;United Arab Emirates;2004;18,90
ARE;United Arab Emirates;2003;19,10
ARE;United Arab Emirates;2002;19,10
ARE;United Arab Emirates;2001;19,20
ARE;United Arab Emirates;2000;19,60
BHR;Bahrain;2018;23,10
BHR;Bahrain;2017;22,90
BHR;Bahrain;2016;22,70
BHR;Bahrain;2015;22,50
BHR;Bahrain;2014;22,40
BHR;Bahrain;2013;22,30
BHR;Bahrain;2012;22,30
BHR;Bahrain;2011;22,40
BHR;Bahrain;2010;22,60
BHR;Bahrain;2009;23,00
BHR;Bahrain;2008;23,30
BHR;Bahrain;2007;23,70
BHR;Bahrain;2006;24,10
BHR;Bahrain;2005;24,40
BHR;Bahrain;2004;24,70
BHR;Bahrain;2003;24,90
BHR;Bahrain;2002;25,10
BHR;Bahrain;2001;25,60
BHR;Bahrain;2000;26,20
DJI;Djibouti;2018;52,00
DJI;Djibouti;2017;52,00
DJI;Djibouti;2016;52,00
DJI;Djibouti;2015;51,90
DJI;Djibouti;2014;51,90
DJI;Djibouti;2013;52,00
DJI;Djibouti;2012;52,10
DJI;Djibouti;2011;52,40
DJI;Djibouti;2010;52,80
DJI;Djibouti;2009;53,30
DJI;Djibouti;2008;54,00
DJI;Djibouti;2007;54,70
DJI;Djibouti;2006;55,40
DJI;Djibouti;2005;56,20
DJI;Djibouti;2004;57,20
DJI;Djibouti;2003;58,30
DJI;Djibouti;2002;59,40
DJI;Djibouti;2001;60,50
DJI;Djibouti;2000;61,50
EGY;Egypt;2018;32,50
EGY;Egypt;2017;33,00
EGY;Egypt;2016;33,50
EGY;Egypt;2015;34,10
EGY;Egypt;2014;34,90
EGY;Egypt;2013;35,50
EGY;Egypt;2012;36,20
EGY;Egypt;2011;36,90
EGY;Egypt;2010;37,70
EGY;Egypt;2009;38,40
EGY;Egypt;2008;39,10
EGY;Egypt;2007;39,70
EGY;Egypt;2006;40,00
EGY;Egypt;2005;40,20
EGY;Egypt;2004;40,10
EGY;Egypt;2003;40,00
EGY;Egypt;2002;39,80
EGY;Egypt;2001;39,60
EGY;Egypt;2000;39,60
IRN;Iran (Islamic Republic of);2018;26,40
IRN;Iran (Islamic Republic of);2017;26,50
IRN;Iran (Islamic Republic of);2016;26,80
IRN;Iran (Islamic Republic of);2015;27,20
IRN;Iran (Islamic Republic of);2014;27,70
IRN;Iran (Islamic Republic of);2013;28,30
IRN;Iran (Islamic Republic of);2012;29,00
IRN;Iran (Islamic Republic of);2011;29,80
IRN;Iran (Islamic Republic of);2010;30,70
IRN;Iran (Islamic Republic of);2009;31,60
IRN;Iran (Islamic Republic of);2008;32,50
IRN;Iran (Islamic Republic of);2007;33,50
IRN;Iran (Islamic Republic of);2006;34,50
IRN;Iran (Islamic Republic of);2005;35,50
IRN;Iran (Islamic Republic of);2004;36,50
IRN;Iran (Islamic Republic of);2003;37,50
IRN;Iran (Islamic Republic of);2002;38,50
IRN;Iran (Islamic Republic of);2001;39,60
IRN;Iran (Islamic Republic of);2000;40,90
IRQ;Iraq;2018;28,90
IRQ;Iraq;2017;28,60
IRQ;Iraq;2016;28,30
IRQ;Iraq;2015;28,10
IRQ;Iraq;2014;28,00
IRQ;Iraq;2013;28,20
IRQ;Iraq;2012;28,40
IRQ;Iraq;2011;29,00
IRQ;Iraq;2010;29,50
IRQ;Iraq;2009;30,30
IRQ;Iraq;2008;31,10
IRQ;Iraq;2007;32,00
IRQ;Iraq;2006;32,80
IRQ;Iraq;2005;33,50
IRQ;Iraq;2004;34,10
IRQ;Iraq;2003;34,70
IRQ;Iraq;2002;35,20
IRQ;Iraq;2001;36,00
IRQ;Iraq;2000;36,90
JOR;Jordan;2018;32,40
JOR;Jordan;2017;32,10
JOR;Jordan;2016;31,70
JOR;Jordan;2015;31,30
JOR;Jordan;2014;30,90
JOR;Jordan;2013;30,60
JOR;Jordan;2012;30,50
JOR;Jordan;2011;30,50
JOR;Jordan;2010;30,40
JOR;Jordan;2009;30,60
JOR;Jordan;2008;30,80
JOR;Jordan;2007;30,90
JOR;Jordan;2006;31,10
JOR;Jordan;2005;31,10
JOR;Jordan;2004;31,20
JOR;Jordan;2003;31,30
JOR;Jordan;2002;31,50
JOR;Jordan;2001;32,00
JOR;Jordan;2000;32,60
KWT;Kuwait;2018;19,40
KWT;Kuwait;2017;19,20
KWT;Kuwait;2016;18,80
KWT;Kuwait;2015;18,60
KWT;Kuwait;2014;18,40
KWT;Kuwait;2013;18,10
KWT;Kuwait;2012;17,70
KWT;Kuwait;2011;17,50
KWT;Kuwait;2010;17,40
KWT;Kuwait;2009;17,50
KWT;Kuwait;2008;17,30
KWT;Kuwait;2007;17,30
KWT;Kuwait;2006;17,50
KWT;Kuwait;2005;17,90
KWT;Kuwait;2004;18,30
KWT;Kuwait;2003;18,60
KWT;Kuwait;2002;18,90
KWT;Kuwait;2001;19,40
KWT;Kuwait;2000;20,00
LBN;Lebanon;2018;22,50
LBN;Lebanon;2017;22,30
LBN;Lebanon;2016;22,00
LBN;Lebanon;2015;21,80
LBN;Lebanon;2014;21,60
LBN;Lebanon;2013;21,50
LBN;Lebanon;2012;21,30
LBN;Lebanon;2011;21,20
LBN;Lebanon;2010;21,20
LBN;Lebanon;2009;21,50
LBN;Lebanon;2008;21,70
LBN;Lebanon;2007;22,10
LBN;Lebanon;2006;22,50
LBN;Lebanon;2005;23,00
LBN;Lebanon;2004;23,60
LBN;Lebanon;2003;24,00
LBN;Lebanon;2002;24,60
LBN;Lebanon;2001;25,30
LBN;Lebanon;2000;26,10
LBY;Libya;2018;26,40
LBY;Libya;2017;26,30
LBY;Libya;2016;26,20
LBY;Libya;2015;26,30
LBY;Libya;2014;26,40
LBY;Libya;2013;26,50
LBY;Libya;2012;26,80
LBY;Libya;2011;27,10
LBY;Libya;2010;27,50
LBY;Libya;2009;28,10
LBY;Libya;2008;28,80
LBY;Libya;2007;29,50
LBY;Libya;2006;30,40
LBY;Libya;2005;31,00
LBY;Libya;2004;31,60
LBY;Libya;2003;32,00
LBY;Libya;2002;32,30
LBY;Libya;2001;32,70
LBY;Libya;2000;33,20
MAR;Morocco;2018;30,20
MAR;Morocco;2017;30,10
MAR;Morocco;2016;30,10
MAR;Morocco;2015;30,10
MAR;Morocco;2014;30,30
MAR;Morocco;2013;30,60
MAR;Morocco;2012;30,90
MAR;Morocco;2011;31,30
MAR;Morocco;2010;31,80
MAR;Morocco;2009;32,30
MAR;Morocco;2008;32,80
MAR;Morocco;2007;33,30
MAR;Morocco;2006;33,70
MAR;Morocco;2005;34,00
MAR;Morocco;2004;34,20
MAR;Morocco;2003;34,50
MAR;Morocco;2002;34,70
MAR;Morocco;2001;35,30
MAR;Morocco;2000;36,00
OMN;Oman;2018;24,70
OMN;Oman;2017;25,20
OMN;Oman;2016;25,60
OMN;Oman;2015;26,10
OMN;Oman;2014;26,80
OMN;Oman;2013;27,60
OMN;Oman;2012;28,40
OMN;Oman;2011;29,40
OMN;Oman;2010;30,50
OMN;Oman;2009;31,80
OMN;Oman;2008;33,00
OMN;Oman;2007;34,10
OMN;Oman;2006;35,10
OMN;Oman;2005;35,80
OMN;Oman;2004;36,60
OMN;Oman;2003;37,40
OMN;Oman;2002;38,00
OMN;Oman;2001;38,70
OMN;Oman;2000;39,60
PAK;Pakistan;2018;53,80
PAK;Pakistan;2017;54,60
PAK;Pakistan;2016;55,40
PAK;Pakistan;2015;56,10
PAK;Pakistan;2014;56,80
PAK;Pakistan;2013;57,50
PAK;Pakistan;2012;58,20
PAK;Pakistan;2011;58,70
PAK;Pakistan;2010;59,00
PAK;Pakistan;2009;59,30
PAK;Pakistan;2008;59,50
PAK;Pakistan;2007;59,60
PAK;Pakistan;2006;59,70
PAK;Pakistan;2005;59,70
PAK;Pakistan;2004;59,80
PAK;Pakistan;2003;60,00
PAK;Pakistan;2002;60,30
PAK;Pakistan;2001;60,80
PAK;Pakistan;2000;61,70
QAT;Qatar;2018;22,20
QAT;Qatar;2017;22,00
QAT;Qatar;2016;21,90
QAT;Qatar;2015;21,80
QAT;Qatar;2014;21,80
QAT;Qatar;2013;21,90
QAT;Qatar;2012;22,00
QAT;Qatar;2011;22,10
QAT;Qatar;2010;22,30
QAT;Qatar;2009;22,60
QAT;Qatar;2008;22,80
QAT;Qatar;2007;23,00
QAT;Qatar;2006;23,30
QAT;Qatar;2005;23,50
QAT;Qatar;2004;23,80
QAT;Qatar;2003;24,00
QAT;Qatar;2002;24,20
QAT;Qatar;2001;24,60
QAT;Qatar;2000;25,20
SAU;Saudi Arabia;2018;21,40
SAU;Saudi Arabia;2017;21,20
SAU;Saudi Arabia;2016;20,90
SAU;Saudi Arabia;2015;20,90
SAU;Saudi Arabia;2014;20,90
SAU;Saudi Arabia;2013;21,10
SAU;Saudi Arabia;2012;21,50
SAU;Saudi Arabia;2011;22,00
SAU;Saudi Arabia;2010;22,60
SAU;Saudi Arabia;2009;23,40
SAU;Saudi Arabia;2008;24,00
SAU;Saudi Arabia;2007;24,80
SAU;Saudi Arabia;2006;25,60
SAU;Saudi Arabia;2005;26,20
SAU;Saudi Arabia;2004;26,60
SAU;Saudi Arabia;2003;27,10
SAU;Saudi Arabia;2002;27,70
SAU;Saudi Arabia;2001;28,40
SAU;Saudi Arabia;2000;29,40
SDN;Sudan;2018;50,90
SDN;Sudan;2017;51,10
SDN;Sudan;2016;51,20
SDN;Sudan;2015;51,40
SDN;Sudan;2014;51,60
SDN;Sudan;2013;51,90
SDN;Sudan;2012;52,20
SDN;Sudan;2011;52,50
SDN;Sudan;2010;52,90
SDN;Sudan;2009;53,40
SDN;Sudan;2008;54,00
SDN;Sudan;2007;54,60
SDN;Sudan;2006;55,30
SDN;Sudan;2005;56,00
SDN;Sudan;2004;56,80
SDN;Sudan;2003;57,70
SDN;Sudan;2002;58,70
SDN;Sudan;2001;60,00
SDN;Sudan;2000;61,50
SOM;Somalia;2018;52,70
SOM;Somalia;2017;53,80
SOM;Somalia;2016;54,70
SOM;Somalia;2015;55,50
SOM;Somalia;2014;56,30
SOM;Somalia;2013;57,10
SOM;Somalia;2012;57,80
SOM;Somalia;2011;58,50
SOM;Somalia;2010;59,30
SOM;Somalia;2009;60,00
SOM;Somalia;2008;60,80
SOM;Somalia;2007;61,40
SOM;Somalia;2006;61,90
SOM;Somalia;2005;62,30
SOM;Somalia;2004;62,50
SOM;Somalia;2003;62,80
SOM;Somalia;2002;63,10
SOM;Somalia;2001;63,40
SOM;Somalia;2000;63,90
SYR;Syrian Arab Republic;2018;32,50
SYR;Syrian Arab Republic;2017;32,00
SYR;Syrian Arab Republic;2016;31,60
SYR;Syrian Arab Republic;2015;31,20
SYR;Syrian Arab Republic;2014;30,90
SYR;Syrian Arab Republic;2013;30,70
SYR;Syrian Arab Republic;2012;30,60
SYR;Syrian Arab Republic;2011;30,50
SYR;Syrian Arab Republic;2010;30,50
SYR;Syrian Arab Republic;2009;30,60
SYR;Syrian Arab Republic;2008;30,80
SYR;Syrian Arab Republic;2007;31,00
SYR;Syrian Arab Republic;2006;31,10
SYR;Syrian Arab Republic;2005;31,40
SYR;Syrian Arab Republic;2004;31,60
SYR;Syrian Arab Republic;2003;31,80
SYR;Syrian Arab Republic;2002;32,10
SYR;Syrian Arab Republic;2001;32,60
SYR;Syrian Arab Republic;2000;33,30
TUN;Tunisia;2018;30,10
TUN;Tunisia;2017;29,80
TUN;Tunisia;2016;29,50
TUN;Tunisia;2015;29,30
TUN;Tunisia;2014;29,30
TUN;Tunisia;2013;29,30
TUN;Tunisia;2012;29,40
TUN;Tunisia;2011;29,60
TUN;Tunisia;2010;29,80
TUN;Tunisia;2009;30,20
TUN;Tunisia;2008;30,60
TUN;Tunisia;2007;31,10
TUN;Tunisia;2006;31,60
TUN;Tunisia;2005;32,00
TUN;Tunisia;2004;32,40
TUN;Tunisia;2003;33,00
TUN;Tunisia;2002;33,60
TUN;Tunisia;2001;34,40
TUN;Tunisia;2000;35,60
YEM;Yemen;2018;79,70
YEM;Yemen;2017;79,80
YEM;Yemen;2016;79,90
YEM;Yemen;2015;79,90
YEM;Yemen;2014;79,90
YEM;Yemen;2013;79,90
YEM;Yemen;2012;79,90
YEM;Yemen;2011;79,90
YEM;Yemen;2010;80,00
YEM;Yemen;2009;80,20
YEM;Yemen;2008;80,50
YEM;Yemen;2007;80,90
YEM;Yemen;2006;81,30
YEM;Yemen;2005;81,70
YEM;Yemen;2004;82,00
YEM;Yemen;2003;82,40
YEM;Yemen;2002;82,80
YEM;Yemen;2001;83,20
YEM;Yemen;2000;83,60
ALB;Albania;2018;29,60
ALB;Albania;2017;28,40
ALB;Albania;2016;26,90
ALB;Albania;2015;25,50
ALB;Albania;2014;24,40
ALB;Albania;2013;23,60
ALB;Albania;2012;23,10
ALB;Albania;2011;22,90
ALB;Albania;2010;23,00
ALB;Albania;2009;23,80
ALB;Albania;2008;24,80
ALB;Albania;2007;25,90
ALB;Albania;2006;27,10
ALB;Albania;2005;28,30
ALB;Albania;2004;29,60
ALB;Albania;2003;30,90
ALB;Albania;2002;32,10
ALB;Albania;2001;33,40
ALB;Albania;2000;34,90
AND;Andorra;2018;13,70
AND;Andorra;2017;13,40
AND;Andorra;2016;13,20
AND;Andorra;2015;12,90
AND;Andorra;2014;12,80
AND;Andorra;2013;12,60
AND;Andorra;2012;12,50
AND;Andorra;2011;12,50
AND;Andorra;2010;12,40
AND;Andorra;2009;12,40
AND;Andorra;2008;12,40
AND;Andorra;2007;12,50
AND;Andorra;2006;12,50
AND;Andorra;2005;12,50
AND;Andorra;2004;12,60
AND;Andorra;2003;12,60
AND;Andorra;2002;12,70
AND;Andorra;2001;12,90
AND;Andorra;2000;13,10
ARM;Armenia;2018;19,30
ARM;Armenia;2017;19,10
ARM;Armenia;2016;19,10
ARM;Armenia;2015;19,30
ARM;Armenia;2014;19,80
ARM;Armenia;2013;20,30
ARM;Armenia;2012;21,00
ARM;Armenia;2011;21,60
ARM;Armenia;2010;22,50
ARM;Armenia;2009;23,60
ARM;Armenia;2008;24,60
ARM;Armenia;2007;25,50
ARM;Armenia;2006;26,30
ARM;Armenia;2005;26,90
ARM;Armenia;2004;27,60
ARM;Armenia;2003;27,90
ARM;Armenia;2002;28,30
ARM;Armenia;2001;28,50
ARM;Armenia;2000;28,90
AUT;Austria;2018;14,20
AUT;Austria;2017;13,80
AUT;Austria;2016;13,50
AUT;Austria;2015;13,20
AUT;Austria;2014;12,90
AUT;Austria;2013;12,70
AUT;Austria;2012;12,60
AUT;Austria;2011;12,50
AUT;Austria;2010;12,40
AUT;Austria;2009;12,40
AUT;Austria;2008;12,30
AUT;Austria;2007;12,20
AUT;Austria;2006;12,20
AUT;Austria;2005;12,10
AUT;Austria;2004;12,10
AUT;Austria;2003;12,10
AUT;Austria;2002;12,00
AUT;Austria;2001;12,10
AUT;Austria;2000;12,10
AZE;Azerbaijan;2018;24,90
AZE;Azerbaijan;2017;25,20
AZE;Azerbaijan;2016;25,70
AZE;Azerbaijan;2015;26,30
AZE;Azerbaijan;2014;27,10
AZE;Azerbaijan;2013;28,00
AZE;Azerbaijan;2012;29,10
AZE;Azerbaijan;2011;30,40
AZE;Azerbaijan;2010;31,80
AZE;Azerbaijan;2009;33,20
AZE;Azerbaijan;2008;34,60
AZE;Azerbaijan;2007;36,10
AZE;Azerbaijan;2006;37,40
AZE;Azerbaijan;2005;38,50
AZE;Azerbaijan;2004;39,50
AZE;Azerbaijan;2003;40,30
AZE;Azerbaijan;2002;41,20
AZE;Azerbaijan;2001;42,20
AZE;Azerbaijan;2000;43,40
BEL;Belgium;2018;17,10
BEL;Belgium;2017;16,80
BEL;Belgium;2016;16,40
BEL;Belgium;2015;15,90
BEL;Belgium;2014;15,60
BEL;Belgium;2013;15,30
BEL;Belgium;2012;15,20
BEL;Belgium;2011;14,90
BEL;Belgium;2010;14,60
BEL;Belgium;2009;14,50
BEL;Belgium;2008;14,30
BEL;Belgium;2007;14,20
BEL;Belgium;2006;14,00
BEL;Belgium;2005;13,80
BEL;Belgium;2004;13,60
BEL;Belgium;2003;13,60
BEL;Belgium;2002;13,60
BEL;Belgium;2001;13,60
BEL;Belgium;2000;13,80
BGR;Bulgaria;2018;23,90
BGR;Bulgaria;2017;23,70
BGR;Bulgaria;2016;23,60
BGR;Bulgaria;2015;23,70
BGR;Bulgaria;2014;23,80
BGR;Bulgaria;2013;24,10
BGR;Bulgaria;2012;24,40
BGR;Bulgaria;2011;24,80
BGR;Bulgaria;2010;25,20
BGR;Bulgaria;2009;25,60
BGR;Bulgaria;2008;25,90
BGR;Bulgaria;2007;26,30
BGR;Bulgaria;2006;26,80
BGR;Bulgaria;2005;27,30
BGR;Bulgaria;2004;27,80
BGR;Bulgaria;2003;28,10
BGR;Bulgaria;2002;28,30
BGR;Bulgaria;2001;28,40
BGR;Bulgaria;2000;28,80
BIH;Bosnia and Herzegovina;2018;23,90
BIH;Bosnia and Herzegovina;2017;23,60
BIH;Bosnia and Herzegovina;2016;23,40
BIH;Bosnia and Herzegovina;2015;23,20
BIH;Bosnia and Herzegovina;2014;23,10
BIH;Bosnia and Herzegovina;2013;23,10
BIH;Bosnia and Herzegovina;2012;23,20
BIH;Bosnia and Herzegovina;2011;23,40
BIH;Bosnia and Herzegovina;2010;23,60
BIH;Bosnia and Herzegovina;2009;23,90
BIH;Bosnia and Herzegovina;2008;24,20
BIH;Bosnia and Herzegovina;2007;24,50
BIH;Bosnia and Herzegovina;2006;24,70
BIH;Bosnia and Herzegovina;2005;24,80
BIH;Bosnia and Herzegovina;2004;24,80
BIH;Bosnia and Herzegovina;2003;24,80
BIH;Bosnia and Herzegovina;2002;24,80
BIH;Bosnia and Herzegovina;2001;25,00
BIH;Bosnia and Herzegovina;2000;25,30
BLR;Belarus;2018;17,50
BLR;Belarus;2017;17,30
BLR;Belarus;2016;17,10
BLR;Belarus;2015;16,90
BLR;Belarus;2014;16,80
BLR;Belarus;2013;16,80
BLR;Belarus;2012;16,90
BLR;Belarus;2011;17,10
BLR;Belarus;2010;17,50
BLR;Belarus;2009;18,10
BLR;Belarus;2008;18,90
BLR;Belarus;2007;19,80
BLR;Belarus;2006;20,70
BLR;Belarus;2005;21,40
BLR;Belarus;2004;22,20
BLR;Belarus;2003;22,80
BLR;Belarus;2002;23,40
BLR;Belarus;2001;24,00
BLR;Belarus;2000;24,80
CHE;Switzerland;2018;13,60
CHE;Switzerland;2017;13,20
CHE;Switzerland;2016;12,80
CHE;Switzerland;2015;12,40
CHE;Switzerland;2014;12,10
CHE;Switzerland;2013;11,80
CHE;Switzerland;2012;11,60
CHE;Switzerland;2011;11,40
CHE;Switzerland;2010;11,30
CHE;Switzerland;2009;11,20
CHE;Switzerland;2008;11,10
CHE;Switzerland;2007;11,10
CHE;Switzerland;2006;11,10
CHE;Switzerland;2005;11,00
CHE;Switzerland;2004;11,00
CHE;Switzerland;2003;11,00
CHE;Switzerland;2002;11,00
CHE;Switzerland;2001;11,00
CHE;Switzerland;2000;11,10
CYP;Cyprus;2018;14,20
CYP;Cyprus;2017;13,90
CYP;Cyprus;2016;13,70
CYP;Cyprus;2015;13,40
CYP;Cyprus;2014;13,20
CYP;Cyprus;2013;13,10
CYP;Cyprus;2012;12,90
CYP;Cyprus;2011;12,90
CYP;Cyprus;2010;12,80
CYP;Cyprus;2009;12,80
CYP;Cyprus;2008;12,80
CYP;Cyprus;2007;12,90
CYP;Cyprus;2006;12,90
CYP;Cyprus;2005;12,90
CYP;Cyprus;2004;13,00
CYP;Cyprus;2003;13,00
CYP;Cyprus;2002;13,10
CYP;Cyprus;2001;13,20
CYP;Cyprus;2000;13,40
CZE;Czechia;2018;18,20
CZE;Czechia;2017;17,80
CZE;Czechia;2016;17,50
CZE;Czechia;2015;17,20
CZE;Czechia;2014;16,90
CZE;Czechia;2013;16,60
CZE;Czechia;2012;16,40
CZE;Czechia;2011;16,20
CZE;Czechia;2010;16,10
CZE;Czechia;2009;16,00
CZE;Czechia;2008;16,00
CZE;Czechia;2007;16,10
CZE;Czechia;2006;16,20
CZE;Czechia;2005;16,40
CZE;Czechia;2004;16,60
CZE;Czechia;2003;16,70
CZE;Czechia;2002;16,90
CZE;Czechia;2001;17,00
CZE;Czechia;2000;17,40
DEU;Germany;2018;14,50
DEU;Germany;2017;14,00
DEU;Germany;2016;13,50
DEU;Germany;2015;13,10
DEU;Germany;2014;12,70
DEU;Germany;2013;12,40
DEU;Germany;2012;12,10
DEU;Germany;2011;12,00
DEU;Germany;2010;11,90
DEU;Germany;2009;11,80
DEU;Germany;2008;11,80
DEU;Germany;2007;11,70
DEU;Germany;2006;11,70
DEU;Germany;2005;11,70
DEU;Germany;2004;11,70
DEU;Germany;2003;11,70
DEU;Germany;2002;11,60
DEU;Germany;2001;11,60
DEU;Germany;2000;11,70
DNK;Denmark;2018;14,20
DNK;Denmark;2017;14,10
DNK;Denmark;2016;13,80
DNK;Denmark;2015;13,50
DNK;Denmark;2014;13,30
DNK;Denmark;2013;13,10
DNK;Denmark;2012;13,00
DNK;Denmark;2011;12,80
DNK;Denmark;2010;12,60
DNK;Denmark;2009;12,50
DNK;Denmark;2008;12,50
DNK;Denmark;2007;12,60
DNK;Denmark;2006;12,70
DNK;Denmark;2005;12,70
DNK;Denmark;2004;12,80
DNK;Denmark;2003;13,00
DNK;Denmark;2002;13,10
DNK;Denmark;2001;13,00
DNK;Denmark;2000;12,90
ESP;Spain;2018;14,20
ESP;Spain;2017;13,90
ESP;Spain;2016;13,60
ESP;Spain;2015;13,40
ESP;Spain;2014;13,20
ESP;Spain;2013;13,00
ESP;Spain;2012;12,90
ESP;Spain;2011;12,70
ESP;Spain;2010;12,50
ESP;Spain;2009;12,40
ESP;Spain;2008;12,30
ESP;Spain;2007;12,20
ESP;Spain;2006;12,00
ESP;Spain;2005;11,90
ESP;Spain;2004;11,80
ESP;Spain;2003;11,80
ESP;Spain;2002;11,80
ESP;Spain;2001;11,80
ESP;Spain;2000;12,00
EST;Estonia;2018;17,80
EST;Estonia;2017;17,70
EST;Estonia;2016;17,70
EST;Estonia;2015;17,70
EST;Estonia;2014;17,70
EST;Estonia;2013;17,70
EST;Estonia;2012;17,80
EST;Estonia;2011;18,00
EST;Estonia;2010;18,10
EST;Estonia;2009;18,40
EST;Estonia;2008;18,70
EST;Estonia;2007;19,30
EST;Estonia;2006;19,80
EST;Estonia;2005;20,30
EST;Estonia;2004;20,70
EST;Estonia;2003;21,30
EST;Estonia;2002;21,80
EST;Estonia;2001;22,40
EST;Estonia;2000;23,10
FIN;Finland;2018;11,40
FIN;Finland;2017;11,10
FIN;Finland;2016;10,80
FIN;Finland;2015;10,50
FIN;Finland;2014;10,40
FIN;Finland;2013;10,20
FIN;Finland;2012;10,10
FIN;Finland;2011;10,00
FIN;Finland;2010;10,00
FIN;Finland;2009;10,00
FIN;Finland;2008;10,10
FIN;Finland;2007;10,10
FIN;Finland;2006;10,20
FIN;Finland;2005;10,20
FIN;Finland;2004;10,30
FIN;Finland;2003;10,30
FIN;Finland;2002;10,40
FIN;Finland;2001;10,50
FIN;Finland;2000;10,70
FRA;France;2018;14,20
FRA;France;2017;13,60
FRA;France;2016;13,10
FRA;France;2015;12,70
FRA;France;2014;12,30
FRA;France;2013;11,90
FRA;France;2012;11,70
FRA;France;2011;11,50
FRA;France;2010;11,40
FRA;France;2009;11,30
FRA;France;2008;11,20
FRA;France;2007;11,10
FRA;France;2006;11,00
FRA;France;2005;10,90
FRA;France;2004;10,90
FRA;France;2003;10,70
FRA;France;2002;10,70
FRA;France;2001;10,70
FRA;France;2000;10,90
GBR;United Kingdom of Great Britain and Northern Ireland;2018;15,00
GBR;United Kingdom of Great Britain and Northern Ireland;2017;14,70
GBR;United Kingdom of Great Britain and Northern Ireland;2016;14,40
GBR;United Kingdom of Great Britain and Northern Ireland;2015;14,20
GBR;United Kingdom of Great Britain and Northern Ireland;2014;14,00
GBR;United Kingdom of Great Britain and Northern Ireland;2013;13,80
GBR;United Kingdom of Great Britain and Northern Ireland;2012;13,80
GBR;United Kingdom of Great Britain and Northern Ireland;2011;13,80
GBR;United Kingdom of Great Britain and Northern Ireland;2010;13,70
GBR;United Kingdom of Great Britain and Northern Ireland;2009;13,70
GBR;United Kingdom of Great Britain and Northern Ireland;2008;13,60
GBR;United Kingdom of Great Britain and Northern Ireland;2007;13,60
GBR;United Kingdom of Great Britain and Northern Ireland;2006;13,60
GBR;United Kingdom of Great Britain and Northern Ireland;2005;13,50
GBR;United Kingdom of Great Britain and Northern Ireland;2004;13,50
GBR;United Kingdom of Great Britain and Northern Ireland;2003;13,50
GBR;United Kingdom of Great Britain and Northern Ireland;2002;13,50
GBR;United Kingdom of Great Britain and Northern Ireland;2001;13,60
GBR;United Kingdom of Great Britain and Northern Ireland;2000;13,70
GEO;Georgia;2018;24,20
GEO;Georgia;2017;23,90
GEO;Georgia;2016;23,70
GEO;Georgia;2015;23,60
GEO;Georgia;2014;23,70
GEO;Georgia;2013;23,90
GEO;Georgia;2012;24,30
GEO;Georgia;2011;24,90
GEO;Georgia;2010;25,70
GEO;Georgia;2009;26,60
GEO;Georgia;2008;27,50
GEO;Georgia;2007;28,50
GEO;Georgia;2006;29,60
GEO;Georgia;2005;30,70
GEO;Georgia;2004;31,90
GEO;Georgia;2003;33,20
GEO;Georgia;2002;34,40
GEO;Georgia;2001;35,70
GEO;Georgia;2000;36,90
GRC;Greece;2018;16,50
GRC;Greece;2017;16,20
GRC;Greece;2016;15,80
GRC;Greece;2015;15,40
GRC;Greece;2014;15,00
GRC;Greece;2013;14,50
GRC;Greece;2012;14,10
GRC;Greece;2011;13,80
GRC;Greece;2010;13,60
GRC;Greece;2009;13,40
GRC;Greece;2008;13,30
GRC;Greece;2007;13,30
GRC;Greece;2006;13,30
GRC;Greece;2005;13,30
GRC;Greece;2004;13,30
GRC;Greece;2003;13,30
GRC;Greece;2002;13,50
GRC;Greece;2001;13,70
GRC;Greece;2000;14,00
HRV;Croatia;2018;19,80
HRV;Croatia;2017;19,40
HRV;Croatia;2016;19,20
HRV;Croatia;2015;19,00
HRV;Croatia;2014;18,80
HRV;Croatia;2013;18,70
HRV;Croatia;2012;18,70
HRV;Croatia;2011;18,70
HRV;Croatia;2010;18,70
HRV;Croatia;2009;18,80
HRV;Croatia;2008;19,00
HRV;Croatia;2007;19,20
HRV;Croatia;2006;19,40
HRV;Croatia;2005;19,50
HRV;Croatia;2004;19,70
HRV;Croatia;2003;19,80
HRV;Croatia;2002;20,00
HRV;Croatia;2001;20,20
HRV;Croatia;2000;20,50
HUN;Hungary;2018;17,90
HUN;Hungary;2017;17,90
HUN;Hungary;2016;18,10
HUN;Hungary;2015;18,30
HUN;Hungary;2014;18,40
HUN;Hungary;2013;18,40
HUN;Hungary;2012;18,40
HUN;Hungary;2011;18,40
HUN;Hungary;2010;18,30
HUN;Hungary;2009;18,30
HUN;Hungary;2008;18,40
HUN;Hungary;2007;18,60
HUN;Hungary;2006;18,70
HUN;Hungary;2005;18,70
HUN;Hungary;2004;18,90
HUN;Hungary;2003;19,10
HUN;Hungary;2002;19,40
HUN;Hungary;2001;19,90
HUN;Hungary;2000;20,60
IRL;Ireland;2018;13,80
IRL;Ireland;2017;13,50
IRL;Ireland;2016;13,20
IRL;Ireland;2015;13,00
IRL;Ireland;2014;12,90
IRL;Ireland;2013;12,70
IRL;Ireland;2012;12,60
IRL;Ireland;2011;12,50
IRL;Ireland;2010;12,40
IRL;Ireland;2009;12,20
IRL;Ireland;2008;12,10
IRL;Ireland;2007;12,00
IRL;Ireland;2006;11,90
IRL;Ireland;2005;11,90
IRL;Ireland;2004;12,00
IRL;Ireland;2003;12,10
IRL;Ireland;2002;12,30
IRL;Ireland;2001;12,50
IRL;Ireland;2000;12,70
ISL;Iceland;2018;10,60
ISL;Iceland;2017;10,40
ISL;Iceland;2016;10,10
ISL;Iceland;2015;10,00
ISL;Iceland;2014;9,90
ISL;Iceland;2013;9,80
ISL;Iceland;2012;9,70
ISL;Iceland;2011;9,60
ISL;Iceland;2010;9,40
ISL;Iceland;2009;9,40
ISL;Iceland;2008;9,40
ISL;Iceland;2007;9,40
ISL;Iceland;2006;9,40
ISL;Iceland;2005;9,40
ISL;Iceland;2004;9,50
ISL;Iceland;2003;9,60
ISL;Iceland;2002;9,70
ISL;Iceland;2001;9,90
ISL;Iceland;2000;10,20
ISR;Israel;2018;13,90
ISR;Israel;2017;13,50
ISR;Israel;2016;13,30
ISR;Israel;2015;13,00
ISR;Israel;2014;12,80
ISR;Israel;2013;12,70
ISR;Israel;2012;12,60
ISR;Israel;2011;12,50
ISR;Israel;2010;12,50
ISR;Israel;2009;12,40
ISR;Israel;2008;12,40
ISR;Israel;2007;12,40
ISR;Israel;2006;12,40
ISR;Israel;2005;12,50
ISR;Israel;2004;12,60
ISR;Israel;2003;12,80
ISR;Israel;2002;13,20
ISR;Israel;2001;13,50
ISR;Israel;2000;14,00
ITA;Italy;2018;14,50
ITA;Italy;2017;14,20
ITA;Italy;2016;13,90
ITA;Italy;2015;13,60
ITA;Italy;2014;13,30
ITA;Italy;2013;13,00
ITA;Italy;2012;12,70
ITA;Italy;2011;12,50
ITA;Italy;2010;12,30
ITA;Italy;2009;12,20
ITA;Italy;2008;12,20
ITA;Italy;2007;12,10
ITA;Italy;2006;12,10
ITA;Italy;2005;12,00
ITA;Italy;2004;12,00
ITA;Italy;2003;12,00
ITA;Italy;2002;12,00
ITA;Italy;2001;12,10
ITA;Italy;2000;12,30
KAZ;Kazakhstan;2018;22,20
KAZ;Kazakhstan;2017;21,70
KAZ;Kazakhstan;2016;21,60
KAZ;Kazakhstan;2015;21,70
KAZ;Kazakhstan;2014;22,20
KAZ;Kazakhstan;2013;22,90
KAZ;Kazakhstan;2012;23,80
KAZ;Kazakhstan;2011;24,80
KAZ;Kazakhstan;2010;26,00
KAZ;Kazakhstan;2009;27,20
KAZ;Kazakhstan;2008;28,60
KAZ;Kazakhstan;2007;30,00
KAZ;Kazakhstan;2006;31,50
KAZ;Kazakhstan;2005;32,90
KAZ;Kazakhstan;2004;34,30
KAZ;Kazakhstan;2003;35,90
KAZ;Kazakhstan;2002;37,60
KAZ;Kazakhstan;2001;39,60
KAZ;Kazakhstan;2000;41,90
KGZ;Kyrgyzstan;2018;33,30
KGZ;Kyrgyzstan;2017;33,40
KGZ;Kyrgyzstan;2016;33,50
KGZ;Kyrgyzstan;2015;33,60
KGZ;Kyrgyzstan;2014;33,60
KGZ;Kyrgyzstan;2013;33,70
KGZ;Kyrgyzstan;2012;34,00
KGZ;Kyrgyzstan;2011;34,20
KGZ;Kyrgyzstan;2010;34,70
KGZ;Kyrgyzstan;2009;35,30
KGZ;Kyrgyzstan;2008;35,90
KGZ;Kyrgyzstan;2007;36,60
KGZ;Kyrgyzstan;2006;37,30
KGZ;Kyrgyzstan;2005;37,80
KGZ;Kyrgyzstan;2004;38,50
KGZ;Kyrgyzstan;2003;39,30
KGZ;Kyrgyzstan;2002;40,20
KGZ;Kyrgyzstan;2001;41,40
KGZ;Kyrgyzstan;2000;42,80
LTU;Lithuania;2018;17,60
LTU;Lithuania;2017;17,60
LTU;Lithuania;2016;17,50
LTU;Lithuania;2015;17,50
LTU;Lithuania;2014;17,30
LTU;Lithuania;2013;17,10
LTU;Lithuania;2012;17,00
LTU;Lithuania;2011;17,10
LTU;Lithuania;2010;17,50
LTU;Lithuania;2009;18,00
LTU;Lithuania;2008;18,60
LTU;Lithuania;2007;19,30
LTU;Lithuania;2006;20,00
LTU;Lithuania;2005;20,70
LTU;Lithuania;2004;21,50
LTU;Lithuania;2003;22,10
LTU;Lithuania;2002;22,60
LTU;Lithuania;2001;23,20
LTU;Lithuania;2000;23,80
LUX;Luxembourg;2018;11,30
LUX;Luxembourg;2017;11,00
LUX;Luxembourg;2016;10,60
LUX;Luxembourg;2015;10,30
LUX;Luxembourg;2014;10,10
LUX;Luxembourg;2013;9,90
LUX;Luxembourg;2012;9,70
LUX;Luxembourg;2011;9,60
LUX;Luxembourg;2010;9,50
LUX;Luxembourg;2009;9,40
LUX;Luxembourg;2008;9,40
LUX;Luxembourg;2007;9,30
LUX;Luxembourg;2006;9,30
LUX;Luxembourg;2005;9,30
LUX;Luxembourg;2004;9,40
LUX;Luxembourg;2003;9,40
LUX;Luxembourg;2002;9,50
LUX;Luxembourg;2001;9,70
LUX;Luxembourg;2000;9,90
LVA;Latvia;2018;19,20
LVA;Latvia;2017;19,20
LVA;Latvia;2016;19,30
LVA;Latvia;2015;19,50
LVA;Latvia;2014;19,70
LVA;Latvia;2013;20,00
LVA;Latvia;2012;20,30
LVA;Latvia;2011;20,60
LVA;Latvia;2010;20,90
LVA;Latvia;2009;21,30
LVA;Latvia;2008;21,70
LVA;Latvia;2007;22,30
LVA;Latvia;2006;22,80
LVA;Latvia;2005;23,50
LVA;Latvia;2004;24,30
LVA;Latvia;2003;25,00
LVA;Latvia;2002;25,70
LVA;Latvia;2001;26,50
LVA;Latvia;2000;27,40
MCO;Monaco;2018;13,90
MCO;Monaco;2017;13,60
MCO;Monaco;2016;13,30
MCO;Monaco;2015;13,00
MCO;Monaco;2014;12,80
MCO;Monaco;2013;12,60
MCO;Monaco;2012;12,40
MCO;Monaco;2011;12,20
MCO;Monaco;2010;12,10
MCO;Monaco;2009;12,00
MCO;Monaco;2008;12,00
MCO;Monaco;2007;11,90
MCO;Monaco;2006;11,80
MCO;Monaco;2005;11,80
MCO;Monaco;2004;11,70
MCO;Monaco;2003;11,70
MCO;Monaco;2002;11,70
MCO;Monaco;2001;11,70
MCO;Monaco;2000;11,80
MDA;Republic of Moldova;2018;26,70
MDA;Republic of Moldova;2017;26,50
MDA;Republic of Moldova;2016;26,30
MDA;Republic of Moldova;2015;26,30
MDA;Republic of Moldova;2014;26,30
MDA;Republic of Moldova;2013;26,40
MDA;Republic of Moldova;2012;26,80
MDA;Republic of Moldova;2011;27,40
MDA;Republic of Moldova;2010;27,80
MDA;Republic of Moldova;2009;28,40
MDA;Republic of Moldova;2008;29,00
MDA;Republic of Moldova;2007;29,90
MDA;Republic of Moldova;2006;30,80
MDA;Republic of Moldova;2005;31,70
MDA;Republic of Moldova;2004;32,70
MDA;Republic of Moldova;2003;34,00
MDA;Republic of Moldova;2002;35,50
MDA;Republic of Moldova;2001;37,00
MDA;Republic of Moldova;2000;38,60
MKD;The former Yugoslav Republic of Macedonia;2018;21,40
MKD;The former Yugoslav Republic of Macedonia;2017;22,90
MKD;The former Yugoslav Republic of Macedonia;2016;24,20
MKD;The former Yugoslav Republic of Macedonia;2015;24,70
MKD;The former Yugoslav Republic of Macedonia;2014;24,00
MKD;The former Yugoslav Republic of Macedonia;2013;22,70
MKD;The former Yugoslav Republic of Macedonia;2012;21,60
MKD;The former Yugoslav Republic of Macedonia;2011;21,00
MKD;The former Yugoslav Republic of Macedonia;2010;21,00
MKD;The former Yugoslav Republic of Macedonia;2009;21,60
MKD;The former Yugoslav Republic of Macedonia;2008;22,60
MKD;The former Yugoslav Republic of Macedonia;2007;23,40
MKD;The former Yugoslav Republic of Macedonia;2006;24,00
MKD;The former Yugoslav Republic of Macedonia;2005;24,40
MKD;The former Yugoslav Republic of Macedonia;2004;24,50
MKD;The former Yugoslav Republic of Macedonia;2003;24,50
MKD;The former Yugoslav Republic of Macedonia;2002;24,40
MKD;The former Yugoslav Republic of Macedonia;2001;24,60
MKD;The former Yugoslav Republic of Macedonia;2000;25,10
MLT;Malta;2018;16,90
MLT;Malta;2017;16,40
MLT;Malta;2016;16,10
MLT;Malta;2015;15,80
MLT;Malta;2014;15,50
MLT;Malta;2013;15,30
MLT;Malta;2012;15,20
MLT;Malta;2011;15,00
MLT;Malta;2010;15,00
MLT;Malta;2009;14,90
MLT;Malta;2008;14,80
MLT;Malta;2007;14,70
MLT;Malta;2006;14,60
MLT;Malta;2005;14,60
MLT;Malta;2004;14,60
MLT;Malta;2003;14,70
MLT;Malta;2002;14,70
MLT;Malta;2001;14,90
MLT;Malta;2000;15,10
MNE;Montenegro;2018;14,50
MNE;Montenegro;2017;14,40
MNE;Montenegro;2016;14,50
MNE;Montenegro;2015;14,70
MNE;Montenegro;2014;15,10
MNE;Montenegro;2013;15,50
MNE;Montenegro;2012;16,10
MNE;Montenegro;2011;16,70
MNE;Montenegro;2010;17,40
MNE;Montenegro;2009;18,30
MNE;Montenegro;2008;19,20
MNE;Montenegro;2007;20,10
MNE;Montenegro;2006;21,00
MNE;Montenegro;2005;21,80
MNE;Montenegro;2004;22,60
MNE;Montenegro;2003;23,40
MNE;Montenegro;2002;24,20
MNE;Montenegro;2001;25,00
MNE;Montenegro;2000;25,80
NLD;Netherlands;2018;15,10
NLD;Netherlands;2017;14,60
NLD;Netherlands;2016;14,10
NLD;Netherlands;2015;13,70
NLD;Netherlands;2014;13,40
NLD;Netherlands;2013;13,00
NLD;Netherlands;2012;12,70
NLD;Netherlands;2011;12,50
NLD;Netherlands;2010;12,40
NLD;Netherlands;2009;12,40
NLD;Netherlands;2008;12,40
NLD;Netherlands;2007;12,40
NLD;Netherlands;2006;12,40
NLD;Netherlands;2005;12,40
NLD;Netherlands;2004;12,30
NLD;Netherlands;2003;12,10
NLD;Netherlands;2002;12,00
NLD;Netherlands;2001;11,90
NLD;Netherlands;2000;11,80
NOR;Norway;2018;13,10
NOR;Norway;2017;12,80
NOR;Norway;2016;12,50
NOR;Norway;2015;12,20
NOR;Norway;2014;12,00
NOR;Norway;2013;11,90
NOR;Norway;2012;11,80
NOR;Norway;2011;11,70
NOR;Norway;2010;11,70
NOR;Norway;2009;11,70
NOR;Norway;2008;11,70
NOR;Norway;2007;11,70
NOR;Norway;2006;11,70
NOR;Norway;2005;11,70
NOR;Norway;2004;11,70
NOR;Norway;2003;11,80
NOR;Norway;2002;11,90
NOR;Norway;2001;12,00
NOR;Norway;2000;12,20
PRT;Portugal;2018;13,90
PRT;Portugal;2017;13,60
PRT;Portugal;2016;13,40
PRT;Portugal;2015;13,20
PRT;Portugal;2014;13,00
PRT;Portugal;2013;12,80
PRT;Portugal;2012;12,70
PRT;Portugal;2011;12,60
PRT;Portugal;2010;12,50
PRT;Portugal;2009;12,40
PRT;Portugal;2008;12,40
PRT;Portugal;2007;12,40
PRT;Portugal;2006;12,50
PRT;Portugal;2005;12,60
PRT;Portugal;2004;12,70
PRT;Portugal;2003;13,00
PRT;Portugal;2002;13,20
PRT;Portugal;2001;13,60
PRT;Portugal;2000;14,00
ROU;Romania;2018;27,30
ROU;Romania;2017;27,60
ROU;Romania;2016;28,10
ROU;Romania;2015;28,60
ROU;Romania;2014;29,30
ROU;Romania;2013;30,00
ROU;Romania;2012;30,60
ROU;Romania;2011;31,20
ROU;Romania;2010;31,60
ROU;Romania;2009;32,00
ROU;Romania;2008;32,50
ROU;Romania;2007;33,30
ROU;Romania;2006;34,20
ROU;Romania;2005;35,10
ROU;Romania;2004;35,50
ROU;Romania;2003;35,70
ROU;Romania;2002;35,60
ROU;Romania;2001;35,60
ROU;Romania;2000;36,00
RUS;Russian Federation;2018;21,80
RUS;Russian Federation;2017;21,80
RUS;Russian Federation;2016;22,00
RUS;Russian Federation;2015;22,20
RUS;Russian Federation;2014;22,50
RUS;Russian Federation;2013;22,70
RUS;Russian Federation;2012;23,00
RUS;Russian Federation;2011;23,10
RUS;Russian Federation;2010;23,40
RUS;Russian Federation;2009;23,80
RUS;Russian Federation;2008;24,40
RUS;Russian Federation;2007;25,00
RUS;Russian Federation;2006;25,70
RUS;Russian Federation;2005;26,50
RUS;Russian Federation;2004;27,30
RUS;Russian Federation;2003;28,10
RUS;Russian Federation;2002;28,80
RUS;Russian Federation;2001;29,40
RUS;Russian Federation;2000;29,90
SMR;San Marino;2018;12,50
SMR;San Marino;2017;12,30
SMR;San Marino;2016;12,00
SMR;San Marino;2015;11,80
SMR;San Marino;2014;11,60
SMR;San Marino;2013;11,50
SMR;San Marino;2012;11,40
SMR;San Marino;2011;11,30
SMR;San Marino;2010;11,30
SMR;San Marino;2009;11,30
SMR;San Marino;2008;11,30
SMR;San Marino;2007;11,40
SMR;San Marino;2006;11,50
SMR;San Marino;2005;11,50
SMR;San Marino;2004;11,60
SMR;San Marino;2003;11,70
SMR;San Marino;2002;11,80
SMR;San Marino;2001;12,00
SMR;San Marino;2000;12,30
SRB;Serbia;2018;19,10
SRB;Serbia;2017;18,70
SRB;Serbia;2016;18,40
SRB;Serbia;2015;18,20
SRB;Serbia;2014;18,10
SRB;Serbia;2013;18,00
SRB;Serbia;2012;18,00
SRB;Serbia;2011;18,00
SRB;Serbia;2010;18,10
SRB;Serbia;2009;18,10
SRB;Serbia;2008;18,20
SRB;Serbia;2007;18,30
SRB;Serbia;2006;18,40
SRB;Serbia;2005;18,60
SRB;Serbia;2004;19,00
SRB;Serbia;2003;19,50
SRB;Serbia;2002;20,10
SRB;Serbia;2001;20,50
SRB;Serbia;2000;21,00
SVK;Slovakia;2018;23,40
SVK;Slovakia;2017;23,00
SVK;Slovakia;2016;22,70
SVK;Slovakia;2015;22,40
SVK;Slovakia;2014;22,10
SVK;Slovakia;2013;22,00
SVK;Slovakia;2012;21,80
SVK;Slovakia;2011;21,70
SVK;Slovakia;2010;21,60
SVK;Slovakia;2009;21,70
SVK;Slovakia;2008;21,70
SVK;Slovakia;2007;21,90
SVK;Slovakia;2006;22,00
SVK;Slovakia;2005;22,20
SVK;Slovakia;2004;22,40
SVK;Slovakia;2003;22,50
SVK;Slovakia;2002;22,50
SVK;Slovakia;2001;22,70
SVK;Slovakia;2000;22,90
SVN;Slovenia;2018;17,90
SVN;Slovenia;2017;17,50
SVN;Slovenia;2016;17,20
SVN;Slovenia;2015;17,00
SVN;Slovenia;2014;16,80
SVN;Slovenia;2013;16,70
SVN;Slovenia;2012;16,70
SVN;Slovenia;2011;16,70
SVN;Slovenia;2010;16,70
SVN;Slovenia;2009;16,80
SVN;Slovenia;2008;17,00
SVN;Slovenia;2007;17,20
SVN;Slovenia;2006;17,30
SVN;Slovenia;2005;17,40
SVN;Slovenia;2004;17,60
SVN;Slovenia;2003;17,70
SVN;Slovenia;2002;17,80
SVN;Slovenia;2001;18,00
SVN;Slovenia;2000;18,30
SWE;Sweden;2018;14,20
SWE;Sweden;2017;13,90
SWE;Sweden;2016;13,50
SWE;Sweden;2015;13,20
SWE;Sweden;2014;12,90
SWE;Sweden;2013;12,60
SWE;Sweden;2012;12,40
SWE;Sweden;2011;12,20
SWE;Sweden;2010;12,10
SWE;Sweden;2009;12,10
SWE;Sweden;2008;12,10
SWE;Sweden;2007;12,10
SWE;Sweden;2006;12,10
SWE;Sweden;2005;12,10
SWE;Sweden;2004;12,10
SWE;Sweden;2003;12,20
SWE;Sweden;2002;12,20
SWE;Sweden;2001;12,30
SWE;Sweden;2000;12,40
TJK;Tajikistan;2018;36,30
TJK;Tajikistan;2017;35,60
TJK;Tajikistan;2016;34,60
TJK;Tajikistan;2015;33,80
TJK;Tajikistan;2014;33,30
TJK;Tajikistan;2013;32,90
TJK;Tajikistan;2012;32,60
TJK;Tajikistan;2011;32,50
TJK;Tajikistan;2010;32,70
TJK;Tajikistan;2009;33,40
TJK;Tajikistan;2008;34,10
TJK;Tajikistan;2007;35,00
TJK;Tajikistan;2006;36,00
TJK;Tajikistan;2005;37,00
TJK;Tajikistan;2004;38,50
TJK;Tajikistan;2003;40,40
TJK;Tajikistan;2002;42,20
TJK;Tajikistan;2001;44,10
TJK;Tajikistan;2000;46,10
TKM;Turkmenistan;2018;32,70
TKM;Turkmenistan;2017;32,20
TKM;Turkmenistan;2016;31,70
TKM;Turkmenistan;2015;31,20
TKM;Turkmenistan;2014;31,00
TKM;Turkmenistan;2013;30,90
TKM;Turkmenistan;2012;30,80
TKM;Turkmenistan;2011;30,90
TKM;Turkmenistan;2010;31,10
TKM;Turkmenistan;2009;31,70
TKM;Turkmenistan;2008;32,30
TKM;Turkmenistan;2007;33,10
TKM;Turkmenistan;2006;33,90
TKM;Turkmenistan;2005;34,90
TKM;Turkmenistan;2004;36,00
TKM;Turkmenistan;2003;37,20
TKM;Turkmenistan;2002;38,20
TKM;Turkmenistan;2001;39,30
TKM;Turkmenistan;2000;40,70
UKR;Ukraine;2018;25,10
UKR;Ukraine;2017;24,60
UKR;Ukraine;2016;24,10
UKR;Ukraine;2015;23,80
UKR;Ukraine;2014;23,50
UKR;Ukraine;2013;23,40
UKR;Ukraine;2012;23,40
UKR;Ukraine;2011;23,50
UKR;Ukraine;2010;23,70
UKR;Ukraine;2009;24,10
UKR;Ukraine;2008;24,60
UKR;Ukraine;2007;24,90
UKR;Ukraine;2006;25,20
UKR;Ukraine;2005;25,60
UKR;Ukraine;2004;26,10
UKR;Ukraine;2003;26,50
UKR;Ukraine;2002;26,90
UKR;Ukraine;2001;27,30
UKR;Ukraine;2000;27,80
UZB;Uzbekistan;2018;22,20
UZB;Uzbekistan;2017;22,80
UZB;Uzbekistan;2016;23,70
UZB;Uzbekistan;2015;24,80
UZB;Uzbekistan;2014;26,00
UZB;Uzbekistan;2013;27,50
UZB;Uzbekistan;2012;29,10
UZB;Uzbekistan;2011;30,70
UZB;Uzbekistan;2010;32,50
UZB;Uzbekistan;2009;34,30
UZB;Uzbekistan;2008;36,00
UZB;Uzbekistan;2007;37,80
UZB;Uzbekistan;2006;39,50
UZB;Uzbekistan;2005;41,20
UZB;Uzbekistan;2004;42,70
UZB;Uzbekistan;2003;44,30
UZB;Uzbekistan;2002;46,00
UZB;Uzbekistan;2001;47,60
UZB;Uzbekistan;2000;49,30
BGD;Bangladesh;2018;43,10
BGD;Bangladesh;2017;43,30
BGD;Bangladesh;2016;43,50
BGD;Bangladesh;2015;43,80
BGD;Bangladesh;2014;44,00
BGD;Bangladesh;2013;44,40
BGD;Bangladesh;2012;44,90
BGD;Bangladesh;2011;45,40
BGD;Bangladesh;2010;46,10
BGD;Bangladesh;2009;46,80
BGD;Bangladesh;2008;47,70
BGD;Bangladesh;2007;48,60
BGD;Bangladesh;2006;49,60
BGD;Bangladesh;2005;50,60
BGD;Bangladesh;2004;51,70
BGD;Bangladesh;2003;52,70
BGD;Bangladesh;2002;53,90
BGD;Bangladesh;2001;55,20
BGD;Bangladesh;2000;56,60
BTN;Bhutan;2018;45,20
BTN;Bhutan;2017;45,70
BTN;Bhutan;2016;46,40
BTN;Bhutan;2015;47,20
BTN;Bhutan;2014;48,10
BTN;Bhutan;2013;49,20
BTN;Bhutan;2012;50,50
BTN;Bhutan;2011;51,90
BTN;Bhutan;2010;53,40
BTN;Bhutan;2009;55,00
BTN;Bhutan;2008;56,60
BTN;Bhutan;2007;58,30
BTN;Bhutan;2006;59,90
BTN;Bhutan;2005;61,40
BTN;Bhutan;2004;62,80
BTN;Bhutan;2003;64,20
BTN;Bhutan;2002;65,40
BTN;Bhutan;2001;66,50
BTN;Bhutan;2000;67,50
IDN;Indonesia;2018;38,20
IDN;Indonesia;2017;38,00
IDN;Indonesia;2016;37,80
IDN;Indonesia;2015;37,50
IDN;Indonesia;2014;37,20
IDN;Indonesia;2013;37,00
IDN;Indonesia;2012;36,90
IDN;Indonesia;2011;36,90
IDN;Indonesia;2010;37,10
IDN;Indonesia;2009;37,50
IDN;Indonesia;2008;37,90
IDN;Indonesia;2007;38,50
IDN;Indonesia;2006;39,10
IDN;Indonesia;2005;39,80
IDN;Indonesia;2004;40,50
IDN;Indonesia;2003;41,20
IDN;Indonesia;2002;42,10
IDN;Indonesia;2001;43,00
IDN;Indonesia;2000;43,90
IND;India;2018;53,90
IND;India;2017;54,50
IND;India;2016;55,00
IND;India;2015;55,70
IND;India;2014;56,40
IND;India;2013;57,20
IND;India;2012;58,00
IND;India;2011;58,80
IND;India;2010;59,70
IND;India;2009;60,60
IND;India;2008;61,50
IND;India;2007;62,50
IND;India;2006;63,40
IND;India;2005;64,40
IND;India;2004;65,30
IND;India;2003;66,30
IND;India;2002;67,30
IND;India;2001;68,30
IND;India;2000;69,50
LKA;Sri Lanka;2018;24,90
LKA;Sri Lanka;2017;24,70
LKA;Sri Lanka;2016;24,60
LKA;Sri Lanka;2015;24,60
LKA;Sri Lanka;2014;24,70
LKA;Sri Lanka;2013;24,90
LKA;Sri Lanka;2012;25,10
LKA;Sri Lanka;2011;25,50
LKA;Sri Lanka;2010;26,00
LKA;Sri Lanka;2009;26,50
LKA;Sri Lanka;2008;27,10
LKA;Sri Lanka;2007;27,90
LKA;Sri Lanka;2006;28,60
LKA;Sri Lanka;2005;29,30
LKA;Sri Lanka;2004;29,90
LKA;Sri Lanka;2003;30,50
LKA;Sri Lanka;2002;31,10
LKA;Sri Lanka;2001;31,80
LKA;Sri Lanka;2000;32,60
MDV;Maldives;2018;37,30
MDV;Maldives;2017;36,80
MDV;Maldives;2016;36,30
MDV;Maldives;2015;35,60
MDV;Maldives;2014;35,00
MDV;Maldives;2013;34,40
MDV;Maldives;2012;33,90
MDV;Maldives;2011;33,60
MDV;Maldives;2010;33,40
MDV;Maldives;2009;33,40
MDV;Maldives;2008;33,60
MDV;Maldives;2007;34,10
MDV;Maldives;2006;34,80
MDV;Maldives;2005;35,80
MDV;Maldives;2004;37,00
MDV;Maldives;2003;38,50
MDV;Maldives;2002;40,30
MDV;Maldives;2001;42,50
MDV;Maldives;2000;44,90
MMR;Myanmar;2018;49,60
MMR;Myanmar;2017;49,60
MMR;Myanmar;2016;49,60
MMR;Myanmar;2015;49,50
MMR;Myanmar;2014;49,40
MMR;Myanmar;2013;49,30
MMR;Myanmar;2012;49,30
MMR;Myanmar;2011;49,60
MMR;Myanmar;2010;50,00
MMR;Myanmar;2009;50,50
MMR;Myanmar;2008;51,10
MMR;Myanmar;2007;51,90
MMR;Myanmar;2006;52,70
MMR;Myanmar;2005;53,50
MMR;Myanmar;2004;54,20
MMR;Myanmar;2003;55,00
MMR;Myanmar;2002;55,80
MMR;Myanmar;2001;56,60
MMR;Myanmar;2000;57,50
NPL;Nepal;2018;44,50
NPL;Nepal;2017;44,50
NPL;Nepal;2016;44,60
NPL;Nepal;2015;44,80
NPL;Nepal;2014;45,10
NPL;Nepal;2013;45,50
NPL;Nepal;2012;46,00
NPL;Nepal;2011;46,70
NPL;Nepal;2010;47,50
NPL;Nepal;2009;48,30
NPL;Nepal;2008;49,30
NPL;Nepal;2007;50,40
NPL;Nepal;2006;51,70
NPL;Nepal;2005;53,10
NPL;Nepal;2004;54,60
NPL;Nepal;2003;56,30
NPL;Nepal;2002;58,00
NPL;Nepal;2001;59,80
NPL;Nepal;2000;61,70
PRK;Democratic People's Republic of Korea;2018;31,40
PRK;Democratic People's Republic of Korea;2017;31,20
PRK;Democratic People's Republic of Korea;2016;31,00
PRK;Democratic People's Republic of Korea;2015;30,90
PRK;Democratic People's Republic of Korea;2014;31,00
PRK;Democratic People's Republic of Korea;2013;31,10
PRK;Democratic People's Republic of Korea;2012;31,40
PRK;Democratic People's Republic of Korea;2011;31,90
PRK;Democratic People's Republic of Korea;2010;32,50
PRK;Democratic People's Republic of Korea;2009;32,90
PRK;Democratic People's Republic of Korea;2008;33,20
PRK;Democratic People's Republic of Korea;2007;33,40
PRK;Democratic People's Republic of Korea;2006;33,50
PRK;Democratic People's Republic of Korea;2005;33,80
PRK;Democratic People's Republic of Korea;2004;34,50
PRK;Democratic People's Republic of Korea;2003;35,90
PRK;Democratic People's Republic of Korea;2002;37,90
PRK;Democratic People's Republic of Korea;2001;40,40
PRK;Democratic People's Republic of Korea;2000;42,90
THA;Thailand;2018;24,70
THA;Thailand;2017;24,60
THA;Thailand;2016;24,50
THA;Thailand;2015;24,40
THA;Thailand;2014;24,30
THA;Thailand;2013;24,20
THA;Thailand;2012;24,30
THA;Thailand;2011;24,30
THA;Thailand;2010;24,40
THA;Thailand;2009;24,50
THA;Thailand;2008;24,70
THA;Thailand;2007;24,90
THA;Thailand;2006;25,10
THA;Thailand;2005;25,20
THA;Thailand;2004;25,40
THA;Thailand;2003;25,70
THA;Thailand;2002;26,00
THA;Thailand;2001;26,20
THA;Thailand;2000;26,50
TLS;Timor-Leste;2018;46,10
TLS;Timor-Leste;2017;46,10
TLS;Timor-Leste;2016;46,00
TLS;Timor-Leste;2015;45,90
TLS;Timor-Leste;2014;45,70
TLS;Timor-Leste;2013;45,50
TLS;Timor-Leste;2012;45,20
TLS;Timor-Leste;2011;45,00
TLS;Timor-Leste;2010;44,90
TLS;Timor-Leste;2009;44,90
TLS;Timor-Leste;2008;45,10
TLS;Timor-Leste;2007;45,40
TLS;Timor-Leste;2006;45,80
TLS;Timor-Leste;2005;46,30
TLS;Timor-Leste;2004;46,80
TLS;Timor-Leste;2003;47,70
TLS;Timor-Leste;2002;48,70
TLS;Timor-Leste;2001;49,90
TLS;Timor-Leste;2000;51,30
AUS;Australia;2018;12,80
AUS;Australia;2017;12,40
AUS;Australia;2016;12,10
AUS;Australia;2015;11,80
AUS;Australia;2014;11,60
AUS;Australia;2013;11,50
AUS;Australia;2012;11,50
AUS;Australia;2011;11,60
AUS;Australia;2010;11,60
AUS;Australia;2009;11,60
AUS;Australia;2008;11,60
AUS;Australia;2007;11,70
AUS;Australia;2006;11,60
AUS;Australia;2005;11,60
AUS;Australia;2004;11,60
AUS;Australia;2003;11,60
AUS;Australia;2002;11,60
AUS;Australia;2001;11,70
AUS;Australia;2000;11,80
BRN;Brunei Darussalam;2018;19,30
BRN;Brunei Darussalam;2017;18,80
BRN;Brunei Darussalam;2016;18,20
BRN;Brunei Darussalam;2015;17,80
BRN;Brunei Darussalam;2014;17,40
BRN;Brunei Darussalam;2013;17,20
BRN;Brunei Darussalam;2012;17,10
BRN;Brunei Darussalam;2011;17,00
BRN;Brunei Darussalam;2010;16,90
BRN;Brunei Darussalam;2009;16,90
BRN;Brunei Darussalam;2008;17,00
BRN;Brunei Darussalam;2007;17,00
BRN;Brunei Darussalam;2006;16,90
BRN;Brunei Darussalam;2005;16,70
BRN;Brunei Darussalam;2004;16,60
BRN;Brunei Darussalam;2003;16,70
BRN;Brunei Darussalam;2002;16,60
BRN;Brunei Darussalam;2001;16,70
BRN;Brunei Darussalam;2000;17,00
CHN;China;2018;18,50
CHN;China;2017;18,40
CHN;China;2016;18,30
CHN;China;2015;18,20
CHN;China;2014;18,10
CHN;China;2013;18,20
CHN;China;2012;18,30
CHN;China;2011;18,60
CHN;China;2010;19,00
CHN;China;2009;19,50
CHN;China;2008;20,10
CHN;China;2007;20,80
CHN;China;2006;21,70
CHN;China;2005;22,60
CHN;China;2004;23,60
CHN;China;2003;24,60
CHN;China;2002;25,80
CHN;China;2001;27,00
CHN;China;2000;28,50
COK;Cook Islands;2018;27,00
COK;Cook Islands;2017;27,20
COK;Cook Islands;2016;27,30
COK;Cook Islands;2015;27,50
COK;Cook Islands;2014;27,70
COK;Cook Islands;2013;28,00
COK;Cook Islands;2012;28,30
COK;Cook Islands;2011;28,60
COK;Cook Islands;2010;28,80
COK;Cook Islands;2009;29,20
COK;Cook Islands;2008;29,60
COK;Cook Islands;2007;29,90
COK;Cook Islands;2006;30,10
COK;Cook Islands;2005;30,10
COK;Cook Islands;2004;30,20
COK;Cook Islands;2003;30,10
COK;Cook Islands;2002;30,10
COK;Cook Islands;2001;30,10
COK;Cook Islands;2000;30,20
FJI;Fiji;2018;39,90
FJI;Fiji;2017;39,90
FJI;Fiji;2016;39,90
FJI;Fiji;2015;39,80
FJI;Fiji;2014;39,80
FJI;Fiji;2013;39,90
FJI;Fiji;2012;40,10
FJI;Fiji;2011;40,30
FJI;Fiji;2010;40,40
FJI;Fiji;2009;40,50
FJI;Fiji;2008;40,50
FJI;Fiji;2007;40,40
FJI;Fiji;2006;40,00
FJI;Fiji;2005;39,40
FJI;Fiji;2004;38,70
FJI;Fiji;2003;38,00
FJI;Fiji;2002;37,30
FJI;Fiji;2001;36,80
FJI;Fiji;2000;36,30
FSM;Micronesia (Federated States of);2018;36,80
FSM;Micronesia (Federated States of);2017;37,00
FSM;Micronesia (Federated States of);2016;37,20
FSM;Micronesia (Federated States of);2015;37,30
FSM;Micronesia (Federated States of);2014;37,50
FSM;Micronesia (Federated States of);2013;37,70
FSM;Micronesia (Federated States of);2012;37,80
FSM;Micronesia (Federated States of);2011;38,00
FSM;Micronesia (Federated States of);2010;38,00
FSM;Micronesia (Federated States of);2009;38,20
FSM;Micronesia (Federated States of);2008;38,30
FSM;Micronesia (Federated States of);2007;38,30
FSM;Micronesia (Federated States of);2006;38,10
FSM;Micronesia (Federated States of);2005;37,80
FSM;Micronesia (Federated States of);2004;37,40
FSM;Micronesia (Federated States of);2003;37,00
FSM;Micronesia (Federated States of);2002;36,60
FSM;Micronesia (Federated States of);2001;36,20
FSM;Micronesia (Federated States of);2000;35,90
JPN;Japan;2018;16,50
JPN;Japan;2017;16,20
JPN;Japan;2016;16,00
JPN;Japan;2015;15,80
JPN;Japan;2014;15,70
JPN;Japan;2013;15,50
JPN;Japan;2012;15,40
JPN;Japan;2011;15,40
JPN;Japan;2010;15,30
JPN;Japan;2009;15,20
JPN;Japan;2008;15,20
JPN;Japan;2007;15,10
JPN;Japan;2006;15,10
JPN;Japan;2005;15,00
JPN;Japan;2004;14,90
JPN;Japan;2003;14,90
JPN;Japan;2002;14,90
JPN;Japan;2001;14,90
JPN;Japan;2000;15,10
KHM;Cambodia;2018;49,60
KHM;Cambodia;2017;50,30
KHM;Cambodia;2016;50,90
KHM;Cambodia;2015;51,60
KHM;Cambodia;2014;52,20
KHM;Cambodia;2013;52,80
KHM;Cambodia;2012;53,50
KHM;Cambodia;2011;54,30
KHM;Cambodia;2010;55,30
KHM;Cambodia;2009;56,20
KHM;Cambodia;2008;57,20
KHM;Cambodia;2007;58,30
KHM;Cambodia;2006;59,30
KHM;Cambodia;2005;60,30
KHM;Cambodia;2004;61,30
KHM;Cambodia;2003;62,40
KHM;Cambodia;2002;63,60
KHM;Cambodia;2001;64,80
KHM;Cambodia;2000;65,90
KIR;Kiribati;2018;49,90
KIR;Kiribati;2017;50,40
KIR;Kiribati;2016;50,90
KIR;Kiribati;2015;51,50
KIR;Kiribati;2014;51,90
KIR;Kiribati;2013;52,30
KIR;Kiribati;2012;52,60
KIR;Kiribati;2011;52,90
KIR;Kiribati;2010;53,10
KIR;Kiribati;2009;53,20
KIR;Kiribati;2008;53,20
KIR;Kiribati;2007;53,00
KIR;Kiribati;2006;52,70
KIR;Kiribati;2005;52,40
KIR;Kiribati;2004;52,10
KIR;Kiribati;2003;51,90
KIR;Kiribati;2002;51,90
KIR;Kiribati;2001;52,00
KIR;Kiribati;2000;52,20
KOR;Republic of Korea;2018;14,70
KOR;Republic of Korea;2017;14,40
KOR;Republic of Korea;2016;14,20
KOR;Republic of Korea;2015;14,10
KOR;Republic of Korea;2014;13,90
KOR;Republic of Korea;2013;13,90
KOR;Republic of Korea;2012;13,80
KOR;Republic of Korea;2011;13,80
KOR;Republic of Korea;2010;13,80
KOR;Republic of Korea;2009;13,80
KOR;Republic of Korea;2008;13,90
KOR;Republic of Korea;2007;14,10
KOR;Republic of Korea;2006;14,20
KOR;Republic of Korea;2005;14,30
KOR;Republic of Korea;2004;14,40
KOR;Republic of Korea;2003;14,50
KOR;Republic of Korea;2002;14,50
KOR;Republic of Korea;2001;14,60
KOR;Republic of Korea;2000;14,70
LAO;Lao People's Democratic Republic;2018;41,30
LAO;Lao People's Democratic Republic;2017;41,30
LAO;Lao People's Democratic Republic;2016;41,40
LAO;Lao People's Democratic Republic;2015;41,50
LAO;Lao People's Democratic Republic;2014;41,60
LAO;Lao People's Democratic Republic;2013;41,80
LAO;Lao People's Democratic Republic;2012;42,00
LAO;Lao People's Democratic Republic;2011;42,40
LAO;Lao People's Democratic Republic;2010;42,90
LAO;Lao People's Democratic Republic;2009;43,40
LAO;Lao People's Democratic Republic;2008;44,00
LAO;Lao People's Democratic Republic;2007;44,70
LAO;Lao People's Democratic Republic;2006;45,40
LAO;Lao People's Democratic Republic;2005;46,20
LAO;Lao People's Democratic Republic;2004;46,90
LAO;Lao People's Democratic Republic;2003;47,70
LAO;Lao People's Democratic Republic;2002;48,40
LAO;Lao People's Democratic Republic;2001;49,30
LAO;Lao People's Democratic Republic;2000;50,20
MHL;Marshall Islands;2018;39,90
MHL;Marshall Islands;2017;40,40
MHL;Marshall Islands;2016;40,80
MHL;Marshall Islands;2015;41,20
MHL;Marshall Islands;2014;41,70
MHL;Marshall Islands;2013;42,10
MHL;Marshall Islands;2012;42,50
MHL;Marshall Islands;2011;42,80
MHL;Marshall Islands;2010;42,90
MHL;Marshall Islands;2009;43,00
MHL;Marshall Islands;2008;43,10
MHL;Marshall Islands;2007;43,10
MHL;Marshall Islands;2006;42,90
MHL;Marshall Islands;2005;42,50
MHL;Marshall Islands;2004;42,00
MHL;Marshall Islands;2003;41,50
MHL;Marshall Islands;2002;40,90
MHL;Marshall Islands;2001;40,30
MHL;Marshall Islands;2000;39,70
MNG;Mongolia;2018;21,20
MNG;Mongolia;2017;20,80
MNG;Mongolia;2016;20,70
MNG;Mongolia;2015;20,80
MNG;Mongolia;2014;21,00
MNG;Mongolia;2013;21,40
MNG;Mongolia;2012;21,70
MNG;Mongolia;2011;22,20
MNG;Mongolia;2010;22,90
MNG;Mongolia;2009;23,60
MNG;Mongolia;2008;24,30
MNG;Mongolia;2007;25,00
MNG;Mongolia;2006;25,90
MNG;Mongolia;2005;26,90
MNG;Mongolia;2004;27,70
MNG;Mongolia;2003;28,50
MNG;Mongolia;2002;29,40
MNG;Mongolia;2001;30,80
MNG;Mongolia;2000;32,60
MYS;Malaysia;2018;23,80
MYS;Malaysia;2017;23,10
MYS;Malaysia;2016;22,50
MYS;Malaysia;2015;21,80
MYS;Malaysia;2014;21,30
MYS;Malaysia;2013;20,80
MYS;Malaysia;2012;20,40
MYS;Malaysia;2011;20,20
MYS;Malaysia;2010;20,10
MYS;Malaysia;2009;19,90
MYS;Malaysia;2008;19,80
MYS;Malaysia;2007;19,70
MYS;Malaysia;2006;19,60
MYS;Malaysia;2005;19,50
MYS;Malaysia;2004;19,40
MYS;Malaysia;2003;19,40
MYS;Malaysia;2002;19,60
MYS;Malaysia;2001;19,80
MYS;Malaysia;2000;20,20
NIU;Niue;2018;36,50
NIU;Niue;2017;36,90
NIU;Niue;2016;37,20
NIU;Niue;2015;37,50
NIU;Niue;2014;37,80
NIU;Niue;2013;38,20
NIU;Niue;2012;38,50
NIU;Niue;2011;38,80
NIU;Niue;2010;39,00
NIU;Niue;2009;39,30
NIU;Niue;2008;39,50
NIU;Niue;2007;39,50
NIU;Niue;2006;39,20
NIU;Niue;2005;38,60
NIU;Niue;2004;37,80
NIU;Niue;2003;36,80
NIU;Niue;2002;35,60
NIU;Niue;2001;34,50
NIU;Niue;2000;33,40
NRU;Nauru;2018;42,30
NRU;Nauru;2017;43,00
NRU;Nauru;2016;43,70
NRU;Nauru;2015;44,30
NRU;Nauru;2014;45,00
NRU;Nauru;2013;45,70
NRU;Nauru;2012;46,40
NRU;Nauru;2011;47,00
NRU;Nauru;2010;47,30
NRU;Nauru;2009;47,60
NRU;Nauru;2008;47,70
NRU;Nauru;2007;47,50
NRU;Nauru;2006;47,10
NRU;Nauru;2005;46,50
NRU;Nauru;2004;45,90
NRU;Nauru;2003;45,30
NRU;Nauru;2002;44,70
NRU;Nauru;2001;44,30
NRU;Nauru;2000;44,00
NZL;New Zealand;2018;14,90
NZL;New Zealand;2017;14,50
NZL;New Zealand;2016;14,10
NZL;New Zealand;2015;13,80
NZL;New Zealand;2014;13,40
NZL;New Zealand;2013;13,10
NZL;New Zealand;2012;13,00
NZL;New Zealand;2011;12,70
NZL;New Zealand;2010;12,50
NZL;New Zealand;2009;12,40
NZL;New Zealand;2008;12,40
NZL;New Zealand;2007;12,30
NZL;New Zealand;2006;12,20
NZL;New Zealand;2005;12,20
NZL;New Zealand;2004;12,30
NZL;New Zealand;2003;12,30
NZL;New Zealand;2002;12,40
NZL;New Zealand;2001;12,50
NZL;New Zealand;2000;12,70
PHL;Philippines;2018;13,80
PHL;Philippines;2017;14,20
PHL;Philippines;2016;14,70
PHL;Philippines;2015;15,30
PHL;Philippines;2014;16,10
PHL;Philippines;2013;17,10
PHL;Philippines;2012;18,50
PHL;Philippines;2011;19,90
PHL;Philippines;2010;21,50
PHL;Philippines;2009;23,00
PHL;Philippines;2008;24,60
PHL;Philippines;2007;26,30
PHL;Philippines;2006;27,90
PHL;Philippines;2005;29,20
PHL;Philippines;2004;30,60
PHL;Philippines;2003;31,80
PHL;Philippines;2002;32,90
PHL;Philippines;2001;34,00
PHL;Philippines;2000;35,00
PLW;Palau;2018;33,70
PLW;Palau;2017;34,00
PLW;Palau;2016;34,20
PLW;Palau;2015;34,40
PLW;Palau;2014;34,70
PLW;Palau;2013;35,10
PLW;Palau;2012;35,50
PLW;Palau;2011;35,80
PLW;Palau;2010;36,10
PLW;Palau;2009;36,40
PLW;Palau;2008;36,70
PLW;Palau;2007;36,90
PLW;Palau;2006;36,90
PLW;Palau;2005;36,70
PLW;Palau;2004;36,50
PLW;Palau;2003;36,20
PLW;Palau;2002;36,00
PLW;Palau;2001;35,80
PLW;Palau;2000;35,60
PNG;Papua New Guinea;2018;47,00
PNG;Papua New Guinea;2017;47,30
PNG;Papua New Guinea;2016;47,60
PNG;Papua New Guinea;2015;47,90
PNG;Papua New Guinea;2014;48,20
PNG;Papua New Guinea;2013;48,50
PNG;Papua New Guinea;2012;48,80
PNG;Papua New Guinea;2011;49,10
PNG;Papua New Guinea;2010;49,30
PNG;Papua New Guinea;2009;49,60
PNG;Papua New Guinea;2008;50,00
PNG;Papua New Guinea;2007;50,20
PNG;Papua New Guinea;2006;50,40
PNG;Papua New Guinea;2005;50,60
PNG;Papua New Guinea;2004;50,60
PNG;Papua New Guinea;2003;50,70
PNG;Papua New Guinea;2002;50,80
PNG;Papua New Guinea;2001;50,90
PNG;Papua New Guinea;2000;51,10
SGP;Singapore;2018;13,20
SGP;Singapore;2017;12,90
SGP;Singapore;2016;12,60
SGP;Singapore;2015;12,30
SGP;Singapore;2014;12,10
SGP;Singapore;2013;11,90
SGP;Singapore;2012;11,70
SGP;Singapore;2011;11,60
SGP;Singapore;2010;11,40
SGP;Singapore;2009;11,30
SGP;Singapore;2008;11,30
SGP;Singapore;2007;11,20
SGP;Singapore;2006;11,10
SGP;Singapore;2005;11,10
SGP;Singapore;2004;11,10
SGP;Singapore;2003;11,10
SGP;Singapore;2002;11,10
SGP;Singapore;2001;11,20
SGP;Singapore;2000;11,40
SLB;Solomon Islands;2018;38,70
SLB;Solomon Islands;2017;39,50
SLB;Solomon Islands;2016;40,20
SLB;Solomon Islands;2015;41,00
SLB;Solomon Islands;2014;41,70
SLB;Solomon Islands;2013;42,40
SLB;Solomon Islands;2012;43,10
SLB;Solomon Islands;2011;43,80
SLB;Solomon Islands;2010;44,50
SLB;Solomon Islands;2009;45,00
SLB;Solomon Islands;2008;45,50
SLB;Solomon Islands;2007;45,90
SLB;Solomon Islands;2006;46,00
SLB;Solomon Islands;2005;45,90
SLB;Solomon Islands;2004;45,70
SLB;Solomon Islands;2003;45,40
SLB;Solomon Islands;2002;45,10
SLB;Solomon Islands;2001;44,70
SLB;Solomon Islands;2000;44,40
TON;Tonga;2018;34,00
TON;Tonga;2017;34,00
TON;Tonga;2016;34,00
TON;Tonga;2015;33,90
TON;Tonga;2014;33,90
TON;Tonga;2013;33,90
TON;Tonga;2012;34,00
TON;Tonga;2011;34,00
TON;Tonga;2010;34,00
TON;Tonga;2009;34,00
TON;Tonga;2008;34,00
TON;Tonga;2007;33,80
TON;Tonga;2006;33,50
TON;Tonga;2005;33,20
TON;Tonga;2004;32,70
TON;Tonga;2003;32,30
TON;Tonga;2002;31,90
TON;Tonga;2001;31,60
TON;Tonga;2000;31,30
TUV;Tuvalu;2018;42,80
TUV;Tuvalu;2017;43,70
TUV;Tuvalu;2016;44,70
TUV;Tuvalu;2015;45,50
TUV;Tuvalu;2014;46,50
TUV;Tuvalu;2013;47,40
TUV;Tuvalu;2012;48,30
TUV;Tuvalu;2011;49,10
TUV;Tuvalu;2010;49,80
TUV;Tuvalu;2009;50,40
TUV;Tuvalu;2008;51,00
TUV;Tuvalu;2007;51,40
TUV;Tuvalu;2006;51,30
TUV;Tuvalu;2005;51,10
TUV;Tuvalu;2004;50,70
TUV;Tuvalu;2003;50,20
TUV;Tuvalu;2002;49,70
TUV;Tuvalu;2001;49,20
TUV;Tuvalu;2000;48,80
VNM;Viet Nam;2018;22,40
VNM;Viet Nam;2017;21,90
VNM;Viet Nam;2016;21,60
VNM;Viet Nam;2015;21,40
VNM;Viet Nam;2014;21,20
VNM;Viet Nam;2013;21,10
VNM;Viet Nam;2012;21,20
VNM;Viet Nam;2011;21,40
VNM;Viet Nam;2010;21,90
VNM;Viet Nam;2009;22,50
VNM;Viet Nam;2008;23,40
VNM;Viet Nam;2007;24,50
VNM;Viet Nam;2006;25,70
VNM;Viet Nam;2005;26,90
VNM;Viet Nam;2004;28,20
VNM;Viet Nam;2003;29,50
VNM;Viet Nam;2002;30,80
VNM;Viet Nam;2001;32,20
VNM;Viet Nam;2000;33,60
VUT;Vanuatu;2018;31,10
VUT;Vanuatu;2017;31,30
VUT;Vanuatu;2016;31,50
VUT;Vanuatu;2015;31,90
VUT;Vanuatu;2014;32,30
VUT;Vanuatu;2013;32,70
VUT;Vanuatu;2012;33,20
VUT;Vanuatu;2011;33,60
VUT;Vanuatu;2010;34,10
VUT;Vanuatu;2009;34,50
VUT;Vanuatu;2008;34,90
VUT;Vanuatu;2007;35,20
VUT;Vanuatu;2006;35,30
VUT;Vanuatu;2005;35,30
VUT;Vanuatu;2004;35,20
VUT;Vanuatu;2003;35,10
VUT;Vanuatu;2002;34,80
VUT;Vanuatu;2001;34,60
VUT;Vanuatu;2000;34,60
WSM;Samoa;2018;35,60
WSM;Samoa;2017;35,80
WSM;Samoa;2016;36,10
WSM;Samoa;2015;36,20
WSM;Samoa;2014;36,60
WSM;Samoa;2013;36,70
WSM;Samoa;2012;36,80
WSM;Samoa;2011;36,90
WSM;Samoa;2010;36,80
WSM;Samoa;2009;36,80
WSM;Samoa;2008;36,60
WSM;Samoa;2007;36,40
WSM;Samoa;2006;36,00
WSM;Samoa;2005;35,40
WSM;Samoa;2004;34,80
WSM;Samoa;2003;34,30
WSM;Samoa;2002;33,90
WSM;Samoa;2001;33,70
WSM;Samoa;2000;33,60
